Company,Company Domain,Company Website,City,State,Business Model,Products Found,Investor Lending Evidence,Outside Lender/Broker Evidence,1-4 Unit Evidence,Company Source URL,Qualification Status,Exclusion Reason,Review Notes,Research Date
"Mortgage Approval Group, LLC",mortgageapprovalgroup.com,https://mortgageapprovalgroup.com/,Tampa,FL,BROKER,DSCR; bank statement; renovation,DSCR Investor Loans,Broad network of wholesale lenders,DSCR investment property loan for a rental in Tampa Bay,https://mortgageapprovalgroup.com/,QUALIFIED,,,2026-09-29
Loan Factory Inc,dscrdirect.net,https://dscrdirect.net/,San Jose,CA,BROKER,DSCR; fix and flip; ground-up,"Investor loans only, including DSCR and fix and flip",Shops hundreds of wholesale lenders,1-4 unit investment properties,https://dscrdirect.net/about,QUALIFIED,,Operating brand on the fetched page is DSCR Direct.,2026-09-29
"West Capital Lending, Inc.",westcapitallending.com,https://westcapitallending.com/,Troy,MI,BROKER,DSCR; bank statement,DSCR rental loans,120+ wholesale lender partners,Rental DSCR; exact 1-4 phrase not on the about page,https://timpopploans.com/about-tim-popp/,QUALIFIED,,"Evidence is from Tim Popp's branch site. Headquarters also listed in Irvine, CA.",2026-09-29
OnPoint Mortgage Pro,onpointmortgagepro.com,https://onpointmortgagepro.com/,Irvine,CA,BROKER,DSCR; non-QM,DSCR loans on rentals,Does not fund; shops 20+ wholesale lenders,Rental DSCR,https://onpointmortgagepro.com/about/,QUALIFIED,,,2026-09-29
Loan Daddy LLC,dscrloan.loan,https://dscrloan.loan/,Scottsdale,AZ,BROKER,DSCR; hard money; bridge,Business-purpose DSCR on non-owner-occupied property,Does not fund; wholesale lender partners,Illustrative single-family rental portfolio,https://dscrloan.loan/about,QUALIFIED,,,2026-09-29
Capital Kings LLC,capitalkings.co,https://capitalkings.co/,Houston,TX,BROKER,DSCR; fix and flip; new construction,DSCR rental and fix and flip,400+ lender network; states it is a broker,DSCR rental and fix-and-flip; exact 1-4 phrase not on homepage,https://capitalkings.co/,QUALIFIED,,,2026-09-29
"Reasy Financial, LLC",lazzarolending.com,https://lazzarolending.com/,Peoria,AZ,HYBRID_BROKER,DSCR; non-QM,DSCR based on rental income,Compares multiple wholesale lenders,Homepage quote form includes 2-4 unit,https://lazzarolending.com/loan-options/dscr-home-loan,QUALIFIED,,Also holds mortgage banker/lender license labels.,2026-09-29
Texas Premier Mortgage,txpremiermortgage.com,https://www.txpremiermortgage.com/,The Woodlands,TX,BROKER,DSCR; bank statement,DSCR loans for investors,Mortgage broker with UWM Diamond Status,DSCR loan on a house in Tomball,https://www.txpremiermortgage.com/,QUALIFIED,,One named wholesale partner (UWM) on the pages reviewed.,2026-09-29
Crestmark Lending,crestmarklending.com,https://crestmarklending.com/,Southlake,TX,BROKER,DSCR,DSCR for real estate investors and single-family rentals,"Independent broker, 20+ wholesale DSCR lenders","Single-family, duplex, triplex",https://crestmarklending.com/dscr-loans/texas/,QUALIFIED,,Lone Star Financing is described as a DBA of Crestmark Lending LLC.,2026-09-29
The Doce Mortgage Group,thedocegroup.com,https://thedocegroup.com/,Fort Lauderdale,FL,BROKER,DSCR; non-QM,Florida DSCR on rental income,Wide network of lenders and DSCR funding sources,"Duplex, condo, and short-term rental examples",https://thedocegroup.com/dscr-loans/florida/,QUALIFIED,,,2026-09-29
Mortgage-World.com,mortgage-world.com,https://www.mortgage-world.com/,Ridgefield,NJ,BROKER,DSCR,DSCR loans through a lender network,Broker shops the market rather than one bank product line,1-4 unit investment properties in Florida,https://www.mortgage-world.com/dscr-loans-in-florida/,QUALIFIED,,,2026-09-29
Lendmire LLC,lendmire.com,https://www.lendmire.com/,Boone,NC,BROKER,DSCR,DSCR-focused brokerage,"Licensed mortgage broker, not a direct lender; wholesale partners",Row house and single-family rental discussion,https://www.lendmire.com/dscr-loans-baltimore/,QUALIFIED,,,2026-09-29
Capital Funding Mortgage,capitalfundingmortgage.com,https://www.capitalfundingmortgage.com/,Newtown,PA,BROKER,DSCR,DSCR for PA and NJ investors,Compares multiple wholesale lenders,Investment-property DSCR; exact 1-4 phrase not printed,https://www.capitalfundingmortgage.com/dscr-loans-in-pennsylvania,QUALIFIED,,,2026-09-29
"Barrett Financial Group, L.L.C.",barrettfinancial.com,https://barrettfinancial.com/,Chandler,AZ,HYBRID_BROKER,DSCR; non-QM,Investment property DSCR,Identifies as broker/lender originating through lender relationships,Rental-income DSCR; exact 1-4 phrase not printed,https://davekevelighan.com/non-qm/,QUALIFIED,,Hybrid broker/lender. Also offers reverse and commercial.,2026-09-29
Kyber Mortgage Corporation dba HyperSmart Home Loans,styermortgage.com,https://styermortgage.com/,Austin,TX,BROKER,DSCR,Texas single-family and 2-4 unit DSCR,Licensed mortgage broker shopping 40+ wholesale lenders,Single-family and 2-4 unit DSCR,https://styermortgage.com/,QUALIFIED,,,2026-09-29
Bend Mortgage Brokers,bendmortgagebrokers.com,https://www.bendmortgagebrokers.com/,Bend,OR,BROKER,DSCR; fix and flip; construction; renovation,DSCR for short-term and long-term rentals; fix and flip in a loan officer bio,Independent broker shopping dozens of lenders,1-4 unit properties and condos,https://www.bendmortgagebrokers.com/loan-program/dscr-loans/,QUALIFIED,,"150 NE Hawthorne Ave. STE 204, Bend, OR 97701. Company NMLS 2552455.",2026-09-29
"Bennett Capital Partners, LLC",bcpmortgage.com,https://www.bcpmortgage.com/,Miami,FL,BROKER,DSCR,DSCR loan programs for property investors,Licensed mortgage broker in Florida and not a lender. DSCR page says relationships with a wide network of wholesale mortgage lenders and private lenders.,Residential and commercial properties are both mentioned. 1-4 unit limit is not explicit.,https://www.bcpmortgage.com/dscr-mortgages,QUALIFIED,,Company fit is credible. No named producing originator was verified on the fetched pages. Named producing principal verified on a fetched public page.,2026-09-29
"Philadelphia Mortgage Company, Inc.",philadelphiamortgage.com,https://www.philadelphiamortgage.com/,Ambler,PA,BROKER,DSCR,DSCR loans based on rental income,"As a mortgage broker, we actively shop a network of DSCR investors.",Not explicit on the fetched DSCR page.,https://www.philadelphiamortgage.com/dscr,QUALIFIED,,"Address on page: 300 Brookside Ave. Bldg. 4, Suite 125, Ambler, PA 19002. No named originator verified. Named producing principal verified on a fetched public page.",2026-09-29
Select DSCR Capital,selectdscrcapital.com,https://selectdscrcapital.com/,,,,DSCR; bridge-to-DSCR,Business-purpose DSCR financing for rental properties,Fetched homepage did not show wholesale or outside-lender placement.,Rental property DSCR. Exact 1-4 phrase not on homepage.,https://selectdscrcapital.com/,REVIEW_REQUIRED,,Investor product is clear. Broker-versus-direct-lender model was not established. No person named on the homepage.,2026-09-29
Keystone Financial Services,usekeystone.com,https://usekeystone.com/,,UT,BROKER,Investment property; conventional; FHA; jumbo; non-QM,"Financing for investment properties, including options other brokers turn away. DSCR was not on the fetched homepage.",Direct access to wholesale lenders most brokers can't reach.,Not stated.,https://usekeystone.com/,REVIEW_REQUIRED,,Wholesale access is clear. Investor-product evidence on the fetched homepage is generic. No originator named. NMLS 150818. Phone (801) 980-0395.,2026-09-29
Clavis Capital Group,claviscapitalgroup.com,https://claviscapitalgroup.com/,Santa Ana,CA,,DSCR; fix and flip; bridge; ground-up construction appear in navigation,Navigation and a testimonial mention DSCR and investor loans.,Fetched pages did not reliably show a wholesale-lender network. Footer content appears to mix another entity.,Not established on the fetched pages.,https://claviscapitalgroup.com/,REVIEW_REQUIRED,,"Footer names Ken Oral and Easy Home Loans LLC alongside a placeholder phone (603) 555-0123 and a Celina, Delaware address. That footer was not treated as reliable person evidence.",2026-09-29
Lantzman Lending,lantzmanlending.com,https://www.lantzmanlending.com/,,CA,DIRECT_LENDER,Fix and flip; DSCR; bridge,"Fix and flip, DSCR, and bridge loans",Pages describe a direct lender and private capital fund.,Residential investor loans are advertised.,https://www.lantzmanlending.com/,EXCLUDED,Direct private lender / fund. Outside-lender brokerage was not shown.,,2026-09-29
North Coast Financial,northcoastfinancialinc.com,https://www.northcoastfinancialinc.com/,,CA,DIRECT_LENDER,Private money; fix and flip; bridge,Direct private-money lender for investors,Describes itself as a direct lender.,Residential private money,https://www.northcoastfinancialinc.com/private-money-lenders-private-money-loans/,EXCLUDED,Direct private lender.,,2026-09-29
Brokers First Funding,bffws.com,https://www.bffws.com/,Costa Mesa,CA,DIRECT_LENDER,DSCR; non-QM wholesale,Wholesale DSCR programs for brokers,"This company is the wholesale lender, not the broker.",Wholesale DSCR for 1-4 unit discussed on state pages.,https://www.bffws.com/states/california,EXCLUDED,Wholesale lender that funds broker submissions. Not a brokerage prospect.,"Also referred to as FlexPoint, Inc. NMLS 243082.",2026-09-29
DSCR Loan Funder LLC,fundmydscr.com,https://www.fundmydscr.com/,Dallas,TX,DIRECT_LENDER,DSCR,Direct DSCR lending for investment property,Works exclusively through approved wholesale broker partners as the lender.,Investment-property DSCR,https://www.fundmydscr.com/,EXCLUDED,"Direct wholesale lender, not a broker.","17103 Preston Road, Suite 260, Dallas, TX 75248.",2026-09-29
Jaken Ventures LLC dba Jaken Finance Group,jakenfinancegroup.com,https://jakenfinancegroup.com/,Hoffman Estates,IL,DIRECT_LENDER,Fix and flip; DSCR; bridge; new construction,Private credit lender for non-owner-occupied investment real estate,Funds on its own capital and accepts broker submissions.,Investment real estate including fix and flip and DSCR rentals,https://jakenfinancegroup.com/programs.pdf,EXCLUDED,Direct private-credit lender.,,2026-09-29
Passy Capital LLC,passycapital.com,https://passycapital.com/,St. Petersburg,FL,DIRECT_LENDER,Bridge; fix and flip; DSCR; construction,"Funds residential investment deals, 1 to 9 units",In-house capital for residential investment. Larger commercial deals may use a partner network.,"Single family, 2-4 unit, and small multifamily up to 9 units funded in-house",https://passycapital.com/lenders,EXCLUDED,Direct lender for 1-4 unit residential investor loans.,"7901 4th St N, Ste 300, St. Petersburg, FL 33702.",2026-09-29
Valley West Mortgage,valleywestmortgage.com,https://valleywestmortgage.com/,Las Vegas,NV,DIRECT_LENDER,DSCR,Business-purpose DSCR for non-owner-occupied property,Page identifies Valley West Mortgage as an independent mortgage lender.,Non-owner-occupied investment property,https://valleywestmortgage.com/how-to-get-a-dscr-loan/,EXCLUDED,"Independent mortgage lender, not a broker placing loans with outside lenders.","8010 W Sahara Ave, Suite 140, Las Vegas, NV. NMLS 65506.",2026-09-29
June Point Lending,junepointlending.com,https://www.junepointlending.com/,,,DIRECT_LENDER,DSCR,Wholesale business-purpose DSCR,"Offers DSCR exclusively through approved mortgage brokers, as the lender.","1-4 unit, condo, non-warrantable condo, condotel, short-term rentals",https://www.junepointlending.com/dscr-loans-for-brokers,EXCLUDED,Wholesale lender.,,2026-09-29
Preferred Mortgage Corp of NY,xmortgagebroker.com,https://xmortgagebroker.com/,,NY,BROKER,DSCR,DSCR and investment loans,Dozens of wholesale lenders,Single-family and 2-4 unit mentioned on a program page,https://xmortgagebroker.com/,EXCLUDED,New York brokerage.,,2026-09-29
Kiavi,kiavi.com,https://www.kiavi.com/,,,DIRECT_LENDER,Fix and flip; DSCR; bridge,Known direct investor lender,Named competitor / direct lender,,,EXCLUDED,Named competitor and direct lender. Not researched as a prospect.,Exclusion list from the project brief.,2026-09-29
RCN Capital,rcncapital.com,https://www.rcncapital.com/,,,DIRECT_LENDER,DSCR; fix and flip; bridge,Known direct investor lender,Named competitor / direct lender,,,EXCLUDED,Named competitor and direct lender.,,2026-09-29
Anchor Loans,anchorloans.com,https://www.anchorloans.com/,,,DIRECT_LENDER,Fix and flip; bridge,Known direct investor lender,Named competitor / direct lender,,,EXCLUDED,Named competitor and direct lender.,,2026-09-29
Civic Financial Services,civicfs.com,https://www.civicfs.com/,Redondo Beach,CA,DIRECT_LENDER,Bridge; DSCR,Private money lender for residential investment property,Named competitor / direct lender,,,EXCLUDED,Named competitor and direct lender.,,2026-09-29
Barren Hill Mortgage,barrenhillmortgage.com,https://barrenhillmortgage.com,Blue Bell,PA,BROKER,DSCR; Fix and flip; Non-QM; Bank statement,Home About Our Team Learning Center Loan Programs Purchase Loans Refinance Options Non-QM Loans All Programs Commercial Loans Calculators Mortgage Calculator DSCR Calculator BRRRR Strategy Calculator The Cost of Waiting to Buy Debt-to-Income Calculator Extra Payments Calculator Mortgage Amount Calculator Fix & Flip,"idea — borrowers deserve options. As an independent mortgage broker, we’re not tied to one bank or one set of rates. We shop your loan across dozens of wholesale lenders to find the best combination of pricing, structure, and approval strategy. That means: Lower rates More flexibility Solutions that most retail lenders",Fetched pages do not print a numeric 1-4 unit limit.,https://barrenhillmortgage.com/about,QUALIFIED,,Owner/founder of a page-verified broker shop. Investor and outside-lender language are company-level on the fetched pages.,2026-09-30
"Alpine Mortgage Services, LLC",alpinebanker.com,https://www.alpinebanker.com,Montvale,NJ,BROKER,DSCR; Hard money; Rental; Non-QM; Bank statement,"year of tax returns and closed on time. Different wholesale lenders have different documentation requirements. Finding the right one is the broker advantage. DSCR Short Term Rental A real estate investor wanted to take cash out of his Jersey Shore investment property, a home he rents out as a short term rental during","based mortgage broker headquartered in Montvale, NJ, serving borrowers throughout the state since 2002. As an independent wholesale broker we shop multiple wholesale lenders to find the right loan program and best rate for each borrower's specific situation. Whether you're buying your first home in Hoboken, refinancing in",Tennessee Texas Utah Vermont Virginia Washington West Virginia Wisconsin Wyoming Property Type * Select an Option Single Family Multi Family Townhouse Condominium Cooperative Raw Land Other Loan Purpose * Select an Option Purchase Refinance Debt,https://www.alpinebanker.com/nj-mortgage,QUALIFIED,,Owner/founder of a page-verified broker shop. Investor and outside-lender language are company-level on the fetched pages.,2026-09-30
"Rockhouse Mortgage, LLC",rhmlending.com,https://www.rhmlending.com,Leesburg,VA,BROKER,DSCR; Fix and flip; Bridge; Rental; Non-QM,works extensively with real estate investors and borrowers whose financing needs may not fit a traditional retail-bank model. Areas of focus include: DSCR loans for long-term and short-term rental properties Fix-and-flip and bridge financing Ground-up construction and renovation financing Bank-statement and,"Founded by Harry Hager, Rockhouse helps real estate investors, homebuyers, homeowners and self-employed borrowers evaluate mortgage options across multiple wholesale lenders. Harry works directly with clients and referral partners to structure financing around the borrower, property, income documentation and transaction—not",Fetched pages do not print a numeric 1-4 unit limit.,https://www.rhmlending.com/about,QUALIFIED,,Owner/founder of a page-verified broker shop. Investor and outside-lender language are company-level on the fetched pages.,2026-09-30
MDO Mortgage,mdomortgage.com,https://mdomortgage.com,East Boston,MA,BROKER,,,,Fetched pages do not print a numeric 1-4 unit limit.,https://mdomortgage.com/,REVIEW_REQUIRED,,"Name was on the page, but DSCR, fix-and-flip, hard money, bridge, or rental-income language was not.",2026-09-30
"Beyond Financing, Inc.",beyondfinancing.com,https://www.beyondfinancing.com,Saugus,MA,HYBRID_BROKER,DSCR; Rental; Non-QM; Bank statement,Purchase Home Refinance Mortgage Calculators Resources Loan Programs Loan Process Mortgage Basics Online Forms FAQ ITIN Mortgage Loans Bank Statement Loans DSCR Investor Loans Foreign National Loans Atendimento em Português Lease-to-Own Program Atención en Español About Contact Blog Career Beyond Intelligence FAQ FAQ,"founder and Branch Manager of Beyond Financing, Inc., I work as a mortgage broker and correspondent lender (depending on the state) and compare programs from multiple lenders and investors, so you are not limited to one bank's products. Born in Brazil, I serve clients in English, Portuguese and Spanish. My team and I help with",Fetched pages do not print a numeric 1-4 unit limit.,https://www.beyondfinancing.com/dscr-investor-loans,QUALIFIED,,Owner/founder of a page-verified broker shop. Investor and outside-lender language are company-level on the fetched pages.,2026-09-30
National Loan Provider,dominickprevete.com,https://dominickprevete.com,Sparta,NJ,BROKER,DSCR; Fix and flip; Bridge; Rental,DSCR Loans New Jersey | National Loan Provider NLP National Loan Provider Founded & Led by Dominick Prevete Price your loan (908) 220-6404 Call Loan Programs DSCR,several on this list — so it lands with the one most likely to fund it. Price your loan → National Loan Provider is an independent broker and maintains wholesale relationships with some listed lenders. Appearing in this table is not an endorsement or a recommendation. NJ Investor FAQ Common questions from New Jersey investors. Do,"originations under the Home Mortgage Disclosure Act. We filtered New Jersey 's 2025 filings to closed-end loans on 1–4 unit investment properties: 19,037 loans totaling $8.07B across 454 lenders. These were the most active. Most active",https://dominickprevete.com/dscr-loan-new-jersey,QUALIFIED,,Owner/founder of a page-verified broker shop.,2026-09-30
Chesapeake Bay Mortgage Empowered by NEXA,chesapeakebaymortgage.com,https://www.chesapeakebaymortgage.com,Cape Charles,VA,BROKER,Fix and flip,"no down payment and low interest rates. Explore USDA loan eligibility and agriculture home loans with rural lenders for first-time buyers. Fix & Flip Loan Fix and flip investors loans are short-term financing options designed for real estate investors. They provide quick capital to purchase, renovate, and sell properties","broker or a direct lender? We are a mortgage broker. That means we are not tied to one bank. Through NEXA Lending, we have access to a wide network of wholesale lenders and help you compare competitive options for your situation. How many lenders can you work with? We work through NEXA Lending’s wholesale lender network,",Fetched pages do not print a numeric 1-4 unit limit.,https://www.chesapeakebaymortgage.com/,QUALIFIED,,Owner/founder of a page-verified broker shop. Investor and outside-lender language are company-level on the fetched pages.,2026-09-30
Mortgages by Scott / Arbor Financial,mortgagesbyscott.com,https://mortgagesbyscott.com,Mooresville,NC,BROKER,DSCR; Rental; Non-QM; Bank statement,"Lender Resources Process Self-Employed Payment Calculator Self-Employed Income Calculator Blog Contact Us Apply Now Investor Financing in Charlotte, NC DSCR Loans in Charlotte , North Carolina Buy your next Charlotte rental using the income the property brings in, not your tax returns. I’m a mortgage broker right",,"of banking, tech and healthcare workers. Investors are buying condos and townhomes in Uptown, South End and NoDa, single-family rentals in Plaza Midwood, Ballantyne and University City, and long-term rentals out toward Steele Creek and Matthews.",https://mortgagesbyscott.com/dscr-loans-in-charlotte-nc/,REVIEW_REQUIRED,,Name and investor-product language are on the fetched pages. An outside-lender or wholesale sentence was not found.,2026-09-30
"Vision Mortgage, LLC",visionmortgage.me,https://visionmortgage.me,Portland,ME,BROKER,DSCR; Private money; Bridge; Rental; Non-QM; Bank statement,Maine DSCR Loans for Investors | Travis Penny Skip to main content Travis Penny Maine Home Loans All Maine Home Loans → Maine FHA Loan FHA Down Payment Help Maine VA,"First Time Buyers About Contact Get Pre Approved Licensed in Maine, New Hampshire & Florida • DSCR investor loans in 38 states We shop your home loan across dozens of lenders. A bank only sells you the bank. Vision Mortgage is an independent Maine brokerage with roots in the business going back to the 1990s. We match you to the",Fetched pages do not print a numeric 1-4 unit limit.,https://visionmortgage.me/,QUALIFIED,,Name appears near investor-product language on a fetched page.,2026-09-30
Chester Financial LLC,chester-financial.com,https://chester-financial.com,Plantsville,CT,BROKER,DSCR; Fix and flip; Hard money; Non-QM; Bank statement,"Flexible options for self-employed or non-traditional income—like bank statements, P&L, or asset-based qualifying. Best for: Self-employed or complex income. DSCR Loan Rental financing that can qualify using the property’s cash flow instead of personal income. Best for: Buy-and-hold investors. Hard Money Loan Fast,","for commercial real estate and mixed-use properties with tailored terms. Best for: Business owners and investors buying income-producing property. Our Wholesale Lender Network Meet Our Team Local mortgage experts in Connecticut—clear guidance, fast communication, and real people you can reach. Cesar A Lecaros Founder & CEO",Fetched pages do not print a numeric 1-4 unit limit.,https://chester-financial.com/,QUALIFIED,,Owner/founder of a page-verified broker shop. Investor and outside-lender language are company-level on the fetched pages.,2026-09-30
Atlantic Mortgage & Finance,atlanticcorporation.net,https://atlanticcorporation.net,Wakefield,RI,BROKER,,,,Fetched pages do not print a numeric 1-4 unit limit.,https://atlanticcorporation.net/loan-programs/dscr-loans/,REVIEW_REQUIRED,,HTTP error or empty body. Not counted.,2026-09-30
Coast2Coast Mortgage LLC,dscrloansmadeeasy.com,https://dscrloansmadeeasy.com,Glen Allen,VA,BROKER,DSCR; Rental; Non-QM; Bank statement,Home - dscr loans made easy Skip to content dscr loans made easy Home About Duane Loan Programs Bank Statement Mortgage Loans Commercial Loans Construction Loans,,Fetched pages do not print a numeric 1-4 unit limit.,https://dscrloansmadeeasy.com/,REVIEW_REQUIRED,,Name and investor-product language are on the fetched pages. An outside-lender or wholesale sentence was not found.,2026-09-30
Dynamic Funding Solutions,dynamicfunding.net,https://dynamicfunding.net,Huntingdon Valley,PA,HYBRID_BROKER,DSCR; Hard money; Bridge; Rental; Non-QM; Bank statement,with no monthly payments. See How It Works Building a Real Estate Portfolio? What if you could qualify based on property cash flow — not tax returns? Our DSCR and investor-focused loans are built for buyers like you. See Investor Loan Options Buying Property in the U.S. from Abroad? Is buying a home in the U.S.,,"for Purchase, Refinance, or Cash-Out ✦ Use Property Cash Flow to Qualify for Your Next Investment ✦ Available for Single-Family, Multi-Unit, and Short-Term Rentals ✦ Fast Pre-Approvals for Florida & Pennsylvania Investors ✦ Transparent Loan",https://dynamicfunding.net/services/dscr-loans/,REVIEW_REQUIRED,,Name and investor-product language are on the fetched pages. An outside-lender or wholesale sentence was not found.,2026-09-30
Mortgages By Us,mortgagesbyus.com,https://mortgagesbyus.com,,DE,BROKER,DSCR; Rental; Bank statement,Mortgages By Us | DSCR & No Doc Investment Mortgages | Delaware Mon – Fri 9am – 5pm (302) 593-0620 msjanet@mortgagesbyus.com MORTGAGES BY US DSCR · No Doc · Investment Mortgages,,Fetched pages do not print a numeric 1-4 unit limit.,https://mortgagesbyus.com/,REVIEW_REQUIRED,,Name and investor-product language are on the fetched pages. An outside-lender or wholesale sentence was not found.,2026-09-30
ABC United Finance Corp,abcunitedfinance.com,https://www.abcunitedfinance.com,Falls Church,VA,HYBRID_BROKER,DSCR; Rental; Non-QM; Bank statement,"closing ✔ 25+ years of mortgage and real estate finance experience Whether you are exploring Non-QM loan programs , financing an investment property using a DSCR loan , applying for an ITIN mortgage , or accessing equity through flexible home loan solutions, ABC United Finance Corp delivers personalized financing",,Fetched pages do not print a numeric 1-4 unit limit.,https://www.abcunitedfinance.com/about-us/,REVIEW_REQUIRED,,Name and investor-product language are on the fetched pages. An outside-lender or wholesale sentence was not found.,2026-09-30
Kestrel Lending,kestrellending.com,https://kestrellending.com/about,Houston,TX,BROKER,DSCR; Fix and flip; Hard money; Bridge; Rental,"Each lender has been vetted for reliability, speed, and fair dealing. The panel covers every major loan type: fix and flip loans , bridge loans , rental DSCR loans, new construction financing, cash-out refinances, and transactional funding. Lender appetite shifts constantly. One month a lender prices aggressively","work, we package the file and submit it to the two or three lenders whose criteria fit best. They compete. You pick the winner. This model works because wholesale lenders price aggressively for brokers who send them clean, pre-underwritten files. They spend less on marketing and underwriting, and they pass that savings",Fetched pages do not print a numeric 1-4 unit limit.,https://kestrellending.com/about,QUALIFIED,,Owner/founder of a page-verified broker shop. Investor and outside-lender language are company-level on the fetched pages.,2026-09-30
"Texas Lending Pro, Inc.",bartlinglending.com,https://bartlinglending.com/,Rosenberg,TX,BROKER,DSCR; Hard money; Rental; Bank statement,Programs ▤ Conventional Loans ❖ First-Time Homebuyer ⚒ Construction Loans Refinance ↺ Refinance $ Cash-Out Refinance 🏘 Home Equity / HELOC Investor ☷ DSCR / Investor Loans Self Employed Loans ☷ Bank Statement Loans Reverse ★ Reverse Mortgages Resources ▤ Mortgage Calculator ☰ First-Time Buyer’s Guide ⚖ Texas,"get one company’s products and one company’s pricing. That’s it. A mortgage broker works differently. As an independent broker, I have access to a network of wholesale lenders — and instead of you shopping them one at a time, I bring them to the table and let them compete for your loan. That competition is what puts you in a",down payment DSCR ratio of 1.0+ (some programs 0.75+) No limit on number of properties Investment properties only (1–4 units) What You DON’T Need No W-2s or pay stubs No tax returns No employment verification No debt-to-income calculation No,https://bartlinglending.com/,QUALIFIED,,Name appears near investor-product language on a fetched page.,2026-09-30
NEXA Mortgage LLC,justinwagerthemortgageman.com,https://www.justinwagerthemortgageman.com/,San Antonio,TX,BROKER,DSCR; Fix and flip; Hard money; Bridge; Rental; Non-QM; Bank statement,"and coordinate your loan from coast to coast and everywhere in between. On top of that, I can personally originate Commercial Loans, Business Purpose Loans, DSCR Investment Loans, Personal Loans, and Business Loans in most states outside of Texas, even where I am not personally licensed. The reach is national. The","have been denied by a bank? Yes. Justin Wager works with clients who have been denied by banks, credit unions, and other lenders. Because he works with 300+ lending partners, he has access to non-QM, alternative income, and credit-flexible loan programs that traditional banks do not offer. If you have been told no, call Justin","rental income, with no W-2s, tax returns, or personal income verification required. These loans are ideal for single-family rentals, multi-family properties, short-term rentals (Airbnb/VRBO), and investment property portfolios across all of",https://www.justinwagerthemortgageman.com/faq/,QUALIFIED,,Name appears near investor-product language on a fetched page.,2026-09-30
Valor Home Mortgage,valorhomemortgage.com,https://valorhomemortgage.com/dscr-loans,San Antonio,TX,BROKER,DSCR; Fix and flip; Rental; Non-QM,DSCR Investor Loans | Valor Home Mortgage Urgent: Limited Time: Lock in Today's Lower Rates Before They Rise! Call Today (678) 488-0608 VA Loan Basics States We,,those with complex income situations. Investment-Focused Lending Designed specifically for rental properties. Finance 1-4 unit investment properties with competitive rates based on income generation. Unlimited Properties Unlike conventional,https://valorhomemortgage.com/dscr-loans,REVIEW_REQUIRED,,Name and investor-product language are on the fetched pages. An outside-lender or wholesale sentence was not found.,2026-09-30
The Orlicki Group,orlickigroup.com,https://orlickigroup.com/dscr-loans-tampa-bay/,Tampa,FL,BROKER,DSCR; Hard money; Rental; Non-QM,DSCR Loans Tampa Bay | Qualify Rentals on Cash Flow Please ensure Javascript is enabled for purposes of website accessibility Skip to main content Search Close,,current statement and rent roll. What about condos in Tampa or St. Pete? Condo and HOA overlays can be stricter than single-family rentals. Share the association docs early so we do not waste an appraisal fee on a non-warrantable path. How do I,https://orlickigroup.com/dscr-loans-tampa-bay/,REVIEW_REQUIRED,,Name and investor-product language are on the fetched pages. An outside-lender or wholesale sentence was not found.,2026-09-30
"North Star Mortgage Network, Inc.",nsmn.com,https://www.nsmn.com/,Jacksonville,FL,BROKER,DSCR; Hard money; Bridge; Rental; Non-QM; Bank statement,Refinance Second Mortgages Home Equity Loans Florida: Access the Cash You Need Home Equity Loans (HELOAN) Jumbo Loans Non-QM Loans Bank Statement Loans DSCR Loans Interest-Only Loans Construction Loans Renovation Loans Asset Depletion Loans Foreign National Loans ITIN Loans Reverse Mortgages Physician Loans,"and Northeast Florida ✅ hundreds of five-star Google reviews ✅ 2025 NAMB Mortgage Broker of the Year and 2026 NAMB Influencer of the Year ✅ Access to many wholesale lenders ✅ FHA, VA, Conventional, USDA, DSCR, Bank Statement loans and more ✅ Fast closings on complete files ✅ BBB Accredited Business ✅ Locally owned and operated","and properties that fall outside the box. No Ratio option with no minimum DSCR (restrictions apply) Single-family, 2–4 units, condos, non-warrantable condos, and condo hotels 5–8 units, and 2–8 unit mixed-use Cash-out up to $1MM, and",https://www.nsmn.com/dscr-loans-jacksonville-first-time-investors/,QUALIFIED,,Owner/founder of a page-verified broker shop.,2026-09-30
Forest Hills Mortgage LLC,foresthillsmortgage.com,https://www.foresthillsmortgage.com/,Neptune Beach,FL,BROKER,,,,Fetched pages do not print a numeric 1-4 unit limit.,https://www.foresthillsmortgage.com/mortgage-broker-jacksonville/,REVIEW_REQUIRED,,HTTP error or empty body. Not counted.,2026-09-30
Mortgages by Channing,mortgagesbychanning.com,https://mortgagesbychanning.com/,Lake Charles,LA,BROKER,DSCR; Rental; Non-QM,Lower Your Rate Rate & Term Refinance FHA Streamline VA IRRRL USDA Streamline Get A Refinance Quote Take Cash Out Cash-Out Refinance VA Cash-Out Refi DSCR Cash-Out Refi Use Your Equity HELOC Home Equity Loan DSCR Loans Start Here DSCR Loan Overview What Is a DSCR Loan? How DSCR Loans Work DSCR Calculator Pros &,"hear. That's Mortgages by Channing. We're a licensed Louisiana mortgage broker, which means we work for you, not a bank. We compare rates and programs across multiple lenders to find the best fit for your situation. Thank you for taking a moment to get to know us. It would be an absolute privilege to help you with your mortgage.","your Debt Service Coverage Ratio before you talk to a lender. The defaults below reflect a Southwest Louisiana single-family rental with realistic post-storm insurance. If the property is in a mapped flood zone, add flood premium on top of",https://bayoumortgage.com/about/,QUALIFIED,,Owner/founder of a page-verified broker shop. Investor and outside-lender language are company-level on the fetched pages.,2026-09-30
Nexa Mortgage,borrowlouisiana.com,https://www.borrowlouisiana.com/investor-and-commercial-loans,New Orleans,LA,BROKER,DSCR; Hard money,"investment opportunity is unique, which is why we provide tailored solutions to meet your specific needs. Our investor and commercial loan options include: DSCR (Debt Service Coverage Ratio) Loans: Allows you to qualify solely based on property income Short-term rentals allowed You can also put the property in the","world of real estate investing and commercial property ownership. Our deep understanding of the Greater New Orleans market, combined with our extensive lender network and innovative loan products, positions us to help you make informed decisions and secure the financing that aligns with your investment strategy. Don't let",Fetched pages do not print a numeric 1-4 unit limit.,https://www.borrowlouisiana.com/investor-and-commercial-loans,REVIEW_REQUIRED,,Company pages show investor products and outside-lender placement. This person's own production of those products is not shown next to their name.,2026-09-30
UHome Mortgage LLC,uhomemortgage.com,https://www.uhomemortgage.com/,Atlanta,GA,BROKER,DSCR; Fix and flip; Hard money; Bridge; Rental; Non-QM; Bank statement,Rent vs Buy Client Reviews See why people keep choosing us. Read here → Loan COmparison FHA vs Conventional Buy vs Refinancing Bank Statement vs Traditional DSCR vs Bank Statement Conventional vs DSCR Refinance Refinance a Home → Popular Rate & Term Refi VA Refi (IRRRL) Cash Out Refi Self Employed Refi Conventional,See What I Qualify For Talk With A Loan Expert Important Information UHome Mortgage LLC is an independent mortgage brokerage. UHome Mortgage LLC is not a lender and does not make credit decisions. All loan scenarios are subject to underwriting approval by the funding lender under the requirements of the selected,"separately. What types of properties can I finance with a DSCR loan? DSCR financing can extend beyond a standard single family rental. Depending on the program, eligible property types may include single family homes, townhomes, PUDs, 2 to 4",https://www.uhomemortgage.com/dscr-investor-loan,QUALIFIED,,Owner/founder of a page-verified broker shop. Investor and outside-lender language are company-level on the fetched pages.,2026-09-30
"Edge Home Finance, LLC",tyclosesloans.com,https://tyclosesloans.com/,Cumming,GA,BROKER,,,,Fetched pages do not print a numeric 1-4 unit limit.,https://tyclosesloans.com/mortgage-broker-forsyth-county-ga/,REVIEW_REQUIRED,,HTTP error or empty body. Not counted.,2026-09-30
Home Loans Inc,homeloansinc.com,https://www.homeloansinc.com/,North Charleston,SC,BROKER,,,,Fetched pages do not print a numeric 1-4 unit limit.,https://www.homeloansinc.com/investment-property-loans/dscr/,REVIEW_REQUIRED,,HTTP error or empty body. Not counted.,2026-09-30
LBC Mortgage,lbcmortgage.com,https://lbcmortgage.com/,North Hollywood,CA,BROKER,DSCR; Fix and flip; Hard money; Bridge; Rental; Non-QM; Bank statement,Mortgages For Retirees Mortgages For Immigrants North Carolina Loans Airbnb Mortgage Bank Statement Mortgage Loans Cash Out Refinance Commercial Property DSCR Mortgage Loans FHA Mortgage Loans Investment Property Loans Jumbo Loans In North Carolina Landlord Mortgages Multifamily Loans No Closing Cost Mortgage No,"to review the property, your goals, and where you stand financially. From there, we identify the right lender from our network of more than a hundred wholesale lenders and structure the file for pre-qualification. The appraisal gets ordered, the file goes to underwriting, and we stay on it at every step to keep things","instead. That's one of those things worth knowing before you fall in love with a deal. Property types are flexible. Single-family homes, condos, and residential buildings up to 10 units all qualify. Short-term rentals including Airbnb and VRBO are",https://lbcmortgage.com/mortgage-broker-california/dscr-loans-california/,QUALIFIED,,Owner/founder of a page-verified broker shop.,2026-09-30
Save Financial,iloanca.com,https://www.iloanca.com/,Newport Beach,CA,BROKER,DSCR; Fix and flip; Hard money; Bridge; Rental; Non-QM; Bank statement,Refinance Rate-and-Term Refi HELOC HELOAN Reverse Mortgage Bridge Loans Construction ADU Financing Commercial Debt Consolidation Investor & Specialty DSCR Investment Property Fix-and-Flip Hard Money Non-QM Bank Statement P&L Statement Asset-Based ITIN No-Ratio 1099 Mortgage Rates Calculator Learning ▾ Education,"independent California mortgage brokerage (NMLS #377740), licensed in all 58 counties. As a broker — not a bank — we shop your loan across a wide network of wholesale lenders, bring you their competitive pricing, and manage the process end to end. You get one dedicated point of contact instead of a call center, and a team that","→ 12 / Investor Investment Property Conventional, DSCR, and portfolio loans for California rentals. Single-family, 2-4 unit, and short-term rental specialists. From 15% down on conventional Up to 10 financed properties Short-term rental",https://www.iloanca.com/,QUALIFIED,,Owner/founder of a page-verified broker shop.,2026-09-30
Bonelli Financial Group,bestmortgageloansfast.com,https://www.bestmortgageloansfast.com/,Mesa,AZ,BROKER,DSCR; Hard money; Bridge; Rental; Non-QM; Bank statement,"DSCR Investor Loans | No Tax Returns, 9 States A black silhouette of a telephone on a white background. QUICK QUOTE APPLY NOW 800-BONELLI GET STARTED Home",A 0.25% rate reduction on a borderline 0.98 DSCR deal can move it above 1.0 and change the entire program availability. That's why we shop multiple wholesale lenders on every file rather than routing everything to one partner — the rate difference sometimes changes whether the deal closes at all. What's the difference,"score ✓ 620+ (best rates at 700+) DSCR ratio ✓ 1.0 minimum; 1.25+ for best pricing Property types ✓ Single-family, 2–4 units, condos, STR Mortgage insurance ✓ Not required Income verification ✓ Not required — property income only Max",https://www.bestmortgageloansfast.com/dscr-loans-mesa-gilbert-arizona-2026-deal-analysis,QUALIFIED,,Name appears near investor-product language on a fetched page.,2026-09-30
Pacific Home Loans,pacifichomeloans.com,https://pacifichomeloans.com/,Kihei,HI,HYBRID_BROKER,DSCR; Private money; Bridge; Rental; Non-QM; Bank statement,Greater Seattle / Puget Sound Washington Loan Officers PrimeResort PrimeJumbo Non-QM Platform Non-QM Platform 1099 Loan Asset-Based Loans Bank Statement Loan DSCR Loan Foreign National Loan ITIN Loan Private Money Purchase Buying a Home Buying a Condo Condo Loan Programs First-Time Homebuyer Loans HomeReady Loan Home,,"What property types are eligible for DSCR financing? Eligible property types may include investment properties (single-family and multi-unit), long-term rentals, vacation rentals, Airbnb and VRBO properties, resort condominiums,",https://pacifichomeloans.com/dscr-loan/,REVIEW_REQUIRED,,Name and investor-product language are on the fetched pages. An outside-lender or wholesale sentence was not found.,2026-09-30
"Loan Factory, Inc.",loansbysheilla.com,https://loansbysheilla.com/,,WA,BROKER,DSCR; Hard money; Rental; Non-QM; Bank statement,"Sheilla Lavadia is an independent mortgage broker with 22+ years in mortgage and real estate finance and 3,100+ families helped. FHA, VA, conventional, DSCR, bank statement, non-QM, and wholesale access for first-time buyers, self-employed borrowers, and real estate investors across 9 states. Call (425) 900-5855","financing for investors who want to build something lasting. Whether you are acquiring your first rental property or your fifteenth, Sheilla works with wholesale lenders who understand investment property financing and can structure loans based on the property's income rather than your personal tax returns. Why Choose",Fetched pages do not print a numeric 1-4 unit limit.,https://loansbysheilla.com/,QUALIFIED,,Name appears near investor-product language on a fetched page.,2026-09-30
Lake Tahoe Mortgage,ltmortgage.com,https://www.ltmortgage.com/,Incline Village,NV,BROKER,DSCR; Hard money; Non-QM; Bank statement,"who own more than 10 financed investment properties — the limit for most conventional lenders. Other non-QM lenders offer debt-service coverage ratio (DSCR) loans for real estate investors. If the rent on the new home covers the monthly payment, you don’t need other income to qualify. BORROWERS WITH RECENT BAD","to your concerns and goals and make sure every question you have is answered clearly. Then, we shop and match your needs with one of our multiple national wholesale lenders for the best loan program and rates available. Our commitment to you is to make the entire mortgage experience as simple and as streamlined as possible,",Fetched pages do not print a numeric 1-4 unit limit.,https://www.ltmortgage.com/non-qm-loan,QUALIFIED,,Owner/founder of a page-verified broker shop. Investor and outside-lender language are company-level on the fetched pages.,2026-09-30
"Cascada Mortgage Advisors, Inc.",cascadamortgageadvisors.com,https://cascadamortgageadvisors.com/,San Diego,CA,BROKER,DSCR; Rental; Non-QM; Bank statement,"mortgages for homeowners 62+, bank statement loans for self-employed borrowers and business owners, asset depletion loans for high-net-worth individuals, DSCR loans for real estate investors, and jumbo loans for high-value properties throughout San Diego and Los Angeles counties. Full bilingual English and Spanish","Cascada Mortgage Advisors, Inc. (NMLS #2470941, CA DRE #02206556), a licensed mortgage broker headquartered in San Diego's Mission Valley with access to 100+ wholesale lenders. He provides full bilingual English and Spanish mortgage service throughout San Diego County and Southern California. — Cascada Mortgage Advisors, Inc. A","1.0+ typically qualifies, with no W-2s, tax returns, or employment verification needed. These loans are available for 1-4 unit investment properties with LLC/entity vesting. — Cascada Mortgage Advisors, Inc. What Is a DSCR Loan? A DSCR (Debt",https://cascadamortgageadvisors.com/loan-programs/dscr,QUALIFIED,,Owner/founder of a page-verified broker shop. Investor and outside-lender language are company-level on the fetched pages.,2026-09-30
Kama'aina Mortgage Group Inc.,kmghawaii.com,https://www.kmghawaii.com/,Honolulu,HI,BROKER,DSCR; Rental; Bank statement,"owners and offer flexible income documentation options that go beyond traditional tax returns. Whether you use bank statements, CPA-prepared financial, DSCR loans, or other income methods, we’ll help structure a loan that fits your financial profile. How long does it take to close a loan in Hawaii? Most loans","Kama'aina Mortgage Group Inc. Licensed In CA, CO, FL, HI, NV, TX, VA & WA. Access To 60+ Lending Options Through Wholesale Partners, Correspondent Channels, And Hawaii Banks. Home About Team Services VA Specialists Self-employed First time homebuyer Mortgage rates Contact Apply Now Brian",requirements Loan purpose Select one... Refinance Home purchase Home equity loan/line Property type Select one... Single family home Townhome Condo Multi family dwelling Mobile / Manufactured home Continue Continue How do you use this property?,https://www.kmghawaii.com/,QUALIFIED,,Owner/founder of a page-verified broker shop. Investor and outside-lender language are company-level on the fetched pages.,2026-09-30
Hyde Funding,hydefunding.com,https://www.hydefunding.com/,San Diego,CA,BROKER,DSCR; Hard money; Bridge; Rental; Non-QM; Bank statement,"resource pages are designed specifically for military buyers. Real estate investors. Whether you’re buying your first rental, scaling a portfolio with DSCR loans, or financing a flip with hard money, Steven works directly with investor-friendly lenders who understand cash flow underwriting and rapid timelines.","a national lender’s underwriter has ever told you “we can’t do that,” there’s a strong chance Hyde Funding can. The boutique model means access to dozens of wholesale lenders, each with their own niche programs and overlay flexibility. Who Steven Works With Hyde Funding is built around three communities that mainstream lenders",Fetched pages do not print a numeric 1-4 unit limit.,https://www.hydefunding.com/about-us/,QUALIFIED,,Name appears near investor-product language on a fetched page.,2026-09-30
"Success Mortgage Partners, Inc.",alisonrucker.com,https://www.alisonrucker.com/,Flagstaff,AZ,HYBRID_BROKER,DSCR; Rental; Non-QM; Bank statement,--> DSCR Loans | Alison Rucker Flagstaff Mortgage Lender top of page +19284153841 Pre-Qualification Apply Now About Contact Get Pre-Approved Free Consultation Home,"loans solve the personal-DTI problem. You can scale a portfolio without each new acquisition triggering a personal-income underwrite. Through Alison's 40+ wholesale lender access, programs are available for properties from $150K to $3M+, with both 30-year fixed and interest-only options. Run Your DSCR Numbers Free property","check before you offer. DSCR loan program parameters Most Arizona DSCR programs accept loan amounts $150K–$3M+, on 1–4 unit residential, with 20–25% down and 0.75–1.25+ ratio thresholds. Rate spread runs 1–2.5% above conforming. Element",https://www.alisonrucker.com/home-loans/dscr-loans,QUALIFIED,,Name appears near investor-product language on a fetched page.,2026-09-30
Nosage LLC,jasonwhigham.com,https://jasonwhigham.com/,Sacramento,CA,BROKER,DSCR; Rental; Non-QM,"up Learn More Explore DPA Programs Learn about grants and forgivable loan programs Learn More Refinance Lower your rate or tap equity Learn More Invest (DSCR) Fund a rental, no W-2 needed Learn More Licensed Mortgage Professional 25+ Years of Experience Sacramento, CA What I Help With Mortgage guidance built","no junior processors learning on your file. I personally manage every transaction from start to finish. Wide Lender Network I work with a broad network of wholesale lenders, which lets me compare loan options across multiple sources for your scenario. Investor Experience 14+ years working with real estate investors across DSCR,",Fetched pages do not print a numeric 1-4 unit limit.,https://jasonwhigham.com/,QUALIFIED,,Name appears near investor-product language on a fetched page.,2026-09-30
"1st Class Mortgage Group, LLC",1stclassmtg.com,https://www.1stclassmtg.com/loan-officer/david-moody,Louisville,KY,BROKER,DSCR; Non-QM; Construction; Jumbo,DSCR investor loans are listed among the products David Moody originates.,Works with multiple wholesale lending sources.,Fetched pages do not print a numeric 1-4 unit limit.,https://www.1stclassmtg.com/loan-officer/david-moody,QUALIFIED,,"Louisville, KY brokerage.",2026-09-30
T.C. Strait,tcstrait.com,https://tcstrait.com/about/,Mason,OH,BROKER,DSCR; Non-QM; Bank statement,DSCR loans on 1-4 unit properties in Southwest Ohio.,Shops 30+ wholesale lenders and wholesale DSCR channels.,1-4 unit properties are printed on the Ohio DSCR page.,https://tcstrait.com/ohio-dscr-loans/,QUALIFIED,,Legal entity name is not printed on the fetched pages.,2026-09-30
Advantage Lending,theadvantagelending.com,https://www.theadvantagelending.com/,Columbus,OH,BROKER,DSCR,Homepage offers investor and DSCR cash-flow loans.,Shops multiple wholesale mortgage lenders.,Fetched pages do not print a numeric 1-4 unit limit.,https://www.theadvantagelending.com/,QUALIFIED,,"Columbus, Ohio. Licensed in OH, FL, VA, SC, and PA on the fetched homepage.",2026-09-30
"Channelwood Mortgage, Inc.",mortgagebrokerindy.com,https://mortgagebrokerindy.com/,Indianapolis,IN,BROKER,DSCR; Hard money; Bank statement,DSCR investor loans are offered from the Indianapolis site.,Loans are shopped across a network of wholesale lenders.,Fetched pages do not print a numeric 1-4 unit limit.,https://mortgagebrokerindy.com/,QUALIFIED,,Company NMLS 129852 printed on the Greg Rank homepage.,2026-09-30
Lumin Lending Inc.,mathismortgage.com,https://mathismortgage.com/loan-programs/dscr,Irvine,CA,BROKER,DSCR,"DSCR rental loans, including 1-4 unit property.",Page says the author works with 100+ wholesale lenders.,1-4 unit single-family and 2-4 unit are listed. 5-8 unit is also listed as a possible program.,https://mathismortgage.com/loan-programs/dscr,QUALIFIED,,"Irvine, CA. Company NMLS 2716106.",2026-09-30
"Molitor Financial Group, LLC",molitorfinancialgroup.com,https://molitorfinancialgroup.com/craig-messman,Chicago,IL,BROKER,,Profile mentions investor refinances but does not name an investor-loan product.,Shops a network of wholesale lenders.,,https://molitorfinancialgroup.com/craig-messman,REVIEW_REQUIRED,,"Chicago, IL. Company NMLS 227034. Investor product not established.",2026-09-30
Oakberry Capital LLC,oakberrycapital.com,https://oakberrycapital.com/,Rockford,IL,BROKER,DSCR; Non-QM,Homepage offers DSCR and non-QM investment-property loans and says the firm is a licensed mortgage broker.,"One application, shopped across 14+ wholesale lenders.",Fetched pages do not print a numeric 1-4 unit limit.,https://oakberrycapital.com/,REVIEW_REQUIRED,,"Rockford, IL. NMLS 2739191. Public email dejan@oakberrycapital.com is printed, but the fetched homepage does not give that person's last name, so no person was qualified.",2026-09-30
