First Name,Last Name,Full Name,Title,Company,Company Domain,Company Website,City,State,LinkedIn URL,Business Email,Email Status,Direct/Mobile Phone,Office Phone,Person Source URL,Person Evidence,Company Source URL 1,Company Evidence 1,Company Source URL 2,Company Evidence 2,Investor Lending Evidence,Outside Lender/Broker Evidence,Products Found,1-4 Unit Evidence,Business Model,Current Employment Verified,Geography Qualified,Competitor Check,Existing CV3 Duplicate Check,DNC Status,Research Date,Qualification Status,Review Notes,Exclusion Reason
Scott,Kepler,Scott Kepler,Founder & President,"Mortgage Approval Group, LLC",mortgageapprovalgroup.com,https://mortgageapprovalgroup.com/,Tampa,FL,,,NONE,,(813) 255-2557,https://mortgageapprovalgroup.com/loan-officers/scott-kepler,"Scott Kepler is the Founder and President of Mortgage Approval Group, LLC and has worked in mortgage lending for more than 25 years. Scott continues to work directly with clients and referral partners.",https://mortgageapprovalgroup.com/,"Mortgage Approval Group is an independent Florida mortgage broker helping homebuyers, homeowners and real estate investors find the right financing from a broad network of wholesale lenders.",https://mortgageapprovalgroup.com/loan-officers/scott-kepler,"As an independent mortgage brokerage, Mortgage Approval Group works with a broad network of wholesale lenders, giving its loan officers the ability to evaluate multiple financing solutions rather than being limited to the products of a single lender.",Homepage program list includes DSCR Investor Loans. Scott's program list includes DSCR Loans.,Independent mortgage brokerage with a broad network of wholesale lenders; Scott can compare loan programs and lenders.,DSCR; bank statement; renovation; jumbo; conventional; FHA; VA; HELOC,FAQ on the company site: Can I get a DSCR investment property loan for a rental in Tampa Bay?,BROKER,YES,YES,PASS,PRIOR_WORKBOOK_NOT_SUPPLIED,NOT_YET_SCREENED,2026-09-29,QUALIFIED,"Office: 2918 Busch Lake Blvd, Suite A, Tampa, FL 33614. Personal NMLS 833792. Company NMLS 1742769. Also originates owner-occupied loans; DSCR investor loans are an advertised product and he is a producing founder.",
Jennifer,Kirby,Jennifer Kirby,Loan Officer,Loan Factory Inc,dscrdirect.net,https://dscrdirect.net/,San Jose,CA,,jennifer@dscrdirect.net,PUBLIC,(202) 709-9035,,https://dscrdirect.net/about,"Loan Officer, DSCR Direct, NMLS# 2672337. DSCR Direct is operated by Jennifer Kirby, a licensed mortgage broker specializing exclusively in investor loans for real estate investors.",https://dscrdirect.net/about,"We shop your scenario across hundreds of wholesale lenders and match you to the best combination of rate, terms, and speed.",https://dscrdirect.net/about,"DSCR Direct operates through Loan Factory Inc (NMLS# 320841), one of the largest wholesale mortgage brokerage platforms in the country.","Exclusively DSCR loans for real estate investors, plus fix and flip and ground-up construction.",Shops the scenario across hundreds of wholesale lenders through Loan Factory Inc.,DSCR; fix and flip; ground-up construction; foreign national; ITIN; condotel; blanket,This platform facilitates business-purpose loans secured by 1-4 unit investment properties.,BROKER,YES,YES,PASS,PRIOR_WORKBOOK_NOT_SUPPLIED,NOT_YET_SCREENED,2026-09-29,QUALIFIED,"Published brokerage address on the about page is Loan Factory Inc, 2195 Tully Rd, San Jose, CA 95122. Phone area code is 202. Published street address is in California, not NY, ND, or SD. Personal NMLS 2672337. Company NMLS 320841.",
Tim,Popp,Tim Popp,Branch Manager,"West Capital Lending, Inc.",westcapitallending.com,https://westcapitallending.com/,Troy,MI,,,NONE,(949) 379-1191,,https://timpopploans.com/about-tim-popp/,"Licensed Mortgage Loan Originator, West Capital Lending. Branch Manager at West Capital Lending, NMLS #2039627, running my own shop, with access to 120+ wholesale lender partners. Page updated June 4, 2026.",https://timpopploans.com/about-tim-popp/,I shop your deal across 120+ lenders. That's the entire point of working with a broker.,https://timpopploans.com/about-tim-popp/,"Lender Network: 120+ Wholesale Partners. Branch office listed at 755 West Big Beaver Road, Suite 1725, Troy, MI 48084.","DSCR Loans: Qualify on rental income, not your W-2. Close in your LLC. The investor's go-to.","Shops the file across 120+ wholesale lender partners, including Rocket Pro TPO.",DSCR; bank statement; VA investor; HELOC; jumbo; 40-year interest-only,"DSCR loans described as qualifying on rental income and closing in an LLC, presented as the investor product. The page does not print the exact phrase 1-4 unit.",BROKER,YES,YES,PASS,PRIOR_WORKBOOK_NOT_SUPPLIED,NOT_YET_SCREENED,2026-09-29,QUALIFIED,"Branch NMLS 2609986. Company NMLS 1566096. CA DRE 02426959. License list includes ND and SD, but the published branch office is Troy, Michigan, and headquarters are Irvine, California. He also offers owner-occupied products.",
Victor,Santos,Victor Santos,Founder and Senior Loan Officer,OnPoint Mortgage Pro,onpointmortgagepro.com,https://onpointmortgagepro.com/,Irvine,CA,,,NONE,,(877) 870-0007,https://onpointmortgagepro.com/,"Victor Santos, Senior Loan Officer, personal NMLS #888844. He shops your file across 20+ wholesale lenders. Victor entered mortgage in 2002 and has been writing loans as a licensed LO since 2005.",https://onpointmortgagepro.com/about/,We're a licensed wholesale mortgage broker. We don't fund the loan ourselves — that's the point.,https://onpointmortgagepro.com/,"Headquartered in Irvine, California. As a wholesale broker we route your file to the lender that prices best. 20+ lenders compete for your file.","Investors & Self-Employed: DSCR loans on rentals, Bank Statement for self-employed, Foreign National, ITIN.",Licensed wholesale mortgage broker that does not fund the loan and compares 20+ wholesale lenders.,DSCR; bank statement; non-QM; jumbo; conventional; FHA; VA; HELOC,DSCR loans on rentals. The pages reviewed do not print the exact phrase 1-4 unit.,BROKER,YES,YES,PASS,PRIOR_WORKBOOK_NOT_SUPPLIED,NOT_YET_SCREENED,2026-09-29,QUALIFIED,Company NMLS on the specialist card is 2134550; personal NMLS on that card is 888844. An earlier about-page header places 2134550 next to his bio. The specialist block separates personal and company NMLS numbers. CA DFPI company license 60DBO-140540. He personally handles a working file load.,
Stephen,Mannenbach,Stephen Robert Mannenbach,Managing Member & CEO,Loan Daddy LLC,dscrloan.loan,https://dscrloan.loan/,Scottsdale,AZ,,steve@loandaddy.ai,PUBLIC,,(480) 485-1229,https://dscrloan.loan/about,"Stephen Robert Mannenbach, J.D., M.B.A., serves as Managing Member & CEO of Loan Daddy LLC. He is an Arizona licensed real estate salesperson.",https://dscrloan.loan/about,We are a mortgage broker — not a lender — specializing in business-purpose DSCR loans on non-owner-occupied investment property. Loans are funded by authorized wholesale lender partners.,https://dscrloan.loan/,"Loan Daddy LLC arranges loans through authorized wholesale lender partners and does not make credit decisions. Broker, not a lender — loans funded by wholesale partners.","Business-purpose DSCR loans on non-owner-occupied investment property. About page also lists hard money, bridge, and portfolio lending.",Arranges and does not fund loans; files go to authorized wholesale lender partners.,DSCR; hard money; bridge; portfolio,Homepage illustrative buy-and-hold scenario is labeled 5 Single-Family Rentals and is presented as a brokered DSCR file. Scenario is marked illustrative.,BROKER,YES,YES,PASS,PRIOR_WORKBOOK_NOT_SUPPLIED,NOT_YET_SCREENED,2026-09-29,QUALIFIED,"Published address: 4111 N Drinkwater Blvd, Apt F202, Scottsdale, AZ 85251. Company NMLS 2827624. AZ CMB-2016143. CA CFL application pending. Role is ownership of a small brokerage formed to place investor loans, not a separate loan-officer title.",
Micah,Foster,Micah Foster,Founder & CEO,Capital Kings LLC,capitalkings.co,https://capitalkings.co/,Houston,TX,https://www.linkedin.com/in/micah-foster-95b24a192,micah@capitalkings.co,PUBLIC,(281) 636-5682,,https://capitalkings.co/,"Micah Foster, Founder & CEO, Capital Kings LLC. My job is to shop it, explain every line in plain English and help get it closed.",https://capitalkings.co/,"We're a broker. Instead of pushing one lender's loan, we send your deal to the lenders in our 400+ lender network that fit it.",https://www.linkedin.com/in/micah-foster-95b24a192,"Public LinkedIn profile: Founder & Mortgage Broker at Capital Kings LLC, current, Houston, Texas. Texas-based hard money and non-QM brokerage with 400+ lenders.","Site programs include DSCR Rental, Fix & Flip, and New Construction / New Build.",Broker that places the deal with a 400+ lender network and shows lender options side by side.,DSCR rental; fix and flip; new construction; bridge,DSCR Rental and fix-and-flip programs for real estate investors. Homepage text reviewed does not print the exact phrase 1-4 unit.,BROKER,YES,YES,PASS,PRIOR_WORKBOOK_NOT_SUPPLIED,NOT_YET_SCREENED,2026-09-29,QUALIFIED,"Street address was not on the homepage. City is taken from the public LinkedIn current-role location (Houston, Texas) and the 281 phone number published on the site. Email is published on the public LinkedIn profile.",
Justin,Lazzaro,Justin Lazzaro,Mortgage Broker,"Reasy Financial, LLC",lazzarolending.com,https://lazzarolending.com/,Peoria,AZ,,,NONE,(412) 638-4982,,https://lazzarolending.com/,"I'm Justin Lazzaro. I help buyers and homeowners across Arizona, Pennsylvania, Florida, and Texas compare loan programs. NMLS #1229453.",https://lazzarolending.com/loan-options/dscr-home-loan,"I am licensed in Arizona, Pennsylvania, Florida, and Texas, and I compare DSCR programs across multiple wholesale lenders.",https://lazzarolending.com/,"As a mortgage broker, I'm not limited to one bank's programs. I will compare it against the wholesale lenders I work with.",DSCR: a non-QM option for real estate investors. Qualifying is based on the property's rental income rather than your personal income.,Compares DSCR programs across multiple wholesale lenders and states he is not limited to one bank.,DSCR; bank statement; asset depletion; renovation; conventional; FHA; VA; jumbo,DSCR page describes rental-income qualification for investment property. The quote form on the homepage includes 2-4 Unit as a property type. Exact phrase 1-4 unit was not on the DSCR page.,HYBRID_BROKER,YES,YES,PASS,PRIOR_WORKBOOK_NOT_SUPPLIED,NOT_YET_SCREENED,2026-09-29,QUALIFIED,"Address: 14100 N 83rd Ave, Suite B-230, Peoria, AZ 85381. Company NMLS 2446155. Entity holds mortgage banker/lender license labels in AZ, FL, PA, and TX and the site says loans may be arranged through third party providers. Email on the page was obfuscated and was not recorded.",
Steve,Head,Steve Head,Mortgage Broker,Texas Premier Mortgage,txpremiermortgage.com,https://www.txpremiermortgage.com/,The Woodlands,TX,,,NONE,,(281) 627-4222,https://www.txpremiermortgage.com/steve-head-with-texas-premier-mortgage-top-dscr-broker/,Steve Head at Texas Premier Mortgage has guided hundreds of investors through DSCR mortgage loans. The company homepage identifies Steve Head as a top loan originator in Texas.,https://www.txpremiermortgage.com/,"As a mortgage broker, we have access to the best and newest programs on the market. We offer Conventional, FHA, VA, Jumbo, USDA, Bank Statement, DSCR, LLC, No Income, No Employment Loans.",https://www.txpremiermortgage.com/,UWM Diamond Status for Mortgage Brokers. UWM Originator Ranking: Steve Head is considered the Top 1% of Loan Officers in Texas.,DSCR loans that qualify investors using rental income instead of personal income. A published client note says a DSCR loan closed on a house in Tomball.,"The firm describes itself as a mortgage broker and publishes UWM Diamond Status for Mortgage Brokers, a wholesale-lender relationship.",DSCR; bank statement; LLC; conventional; FHA; VA; jumbo; foreign national,"DSCR article and a client note describe a DSCR loan on a house in Tomball, Texas. Homepage covers primary, second, and investment properties.",BROKER,YES,YES,PASS,PRIOR_WORKBOOK_NOT_SUPPLIED,NOT_YET_SCREENED,2026-09-29,QUALIFIED,"Office: 2001 Timberloch Pl. Ste 500, The Woodlands, TX 77380. NMLS #898360 is printed in the site footer and is not separately labeled personal versus company on that block. Named wholesale partner on the page is UWM.",
Brett,Dempsey,Brett Dempsey,Branch Manager,Crestmark Lending,crestmarklending.com,https://crestmarklending.com/,Southlake,TX,,,NONE,,(866) 655-8060,https://crestmarklending.com/dscr-loans/florida/,"Listed on the Florida DSCR lending team as Brett Dempsey, Branch Manager, NMLS #2014728. A Google review on the same page describes Brett Dempsey's DSCR loan work.",https://crestmarklending.com/dscr-loans/florida/,Crestmark Lending is an independent mortgage broker specializing in DSCR loans for real estate investors and is not affiliated with any bank. Crestmark Lending partners with 20+ DSCR lenders.,https://crestmarklending.com/dscr-loans/texas/,"As a mortgage broker, we help Texas real estate investors compare DSCR loan options from multiple lenders. We work with 20+ DSCR lenders.","DSCR-focused brokerage for rental purchases, refinances, cash-out, and portfolio growth.",Independent mortgage broker comparing 20+ wholesale DSCR lenders.,DSCR,"Texas DSCR page: investors purchasing single-family rentals. Florida page property selector includes Single-Family, Duplex, and Triplex.",BROKER,YES,YES,PASS,PRIOR_WORKBOOK_NOT_SUPPLIED,NOT_YET_SCREENED,2026-09-29,QUALIFIED,"Office printed on the Florida DSCR page: 1560 E Southlake Blvd., Suite 100, Southlake, TX 76092. Company NMLS 2789535. Same team block appears on the Texas DSCR page.",
Glen,Dicken,Glen Dicken,Senior Loan Officer,Crestmark Lending,crestmarklending.com,https://crestmarklending.com/,Southlake,TX,,,NONE,,(866) 655-8060,https://crestmarklending.com/dscr-loans/florida/,"Listed on the Florida DSCR lending team as Glen Dicken, Sr. Loan Officer, NMLS #313548. A review on the page refers to Glenn and his team on a Florida DSCR loan.",https://crestmarklending.com/dscr-loans/florida/,Crestmark Lending is an independent mortgage broker specializing in DSCR loans for real estate investors. Lower rates by comparing 20+ lenders across multiple wholesale DSCR programs.,https://lonestarfinancing.com/dscr-loans-texas/,"At Lone Star Financing, as a mortgage broker we shop your loan to 20+ investors. Lone Star Financing is described as a DBA of Crestmark Lending LLC, Company NMLS 2789535, Southlake, TX.",DSCR team member at a brokerage that shops rental-property DSCR loans.,Broker shop comparing 20+ wholesale DSCR lenders.,DSCR,"Lone Star Financing Texas DSCR page: financing a single-family rental, short-term rental, condo, or multi-unit property.",BROKER,YES,YES,PASS,PRIOR_WORKBOOK_NOT_SUPPLIED,NOT_YET_SCREENED,2026-09-29,QUALIFIED,"Spelling on the team block is Glen Dicken. A review uses Glenn. Office: 1560 E Southlake Blvd., Suite 100, Southlake, TX 76092.",
Jen,Papaelias,Jen Papaelias,Loan Officer,Crestmark Lending,crestmarklending.com,https://crestmarklending.com/,Southlake,TX,,,NONE,,(866) 655-8060,https://crestmarklending.com/dscr-loans/florida/,"Listed on the dedicated Florida DSCR lending team as Jen Papaelias, Loan Officer, NMLS #2692859.",https://crestmarklending.com/dscr-loans/florida/,"Independent mortgage broker specializing in DSCR loans for real estate investors, comparing 20+ lenders across multiple wholesale DSCR programs.",https://crestmarklending.com/dscr-loans/texas/,We compare rates across 20+ wholesale lenders and DSCR loan programs.,"Named on the company's DSCR specialist team, not a general consumer roster.",Employer is an independent broker shopping 20+ wholesale DSCR lenders.,DSCR,"Texas page discusses single-family rentals. Florida property selector includes single-family, duplex, and triplex.",BROKER,YES,YES,PASS,PRIOR_WORKBOOK_NOT_SUPPLIED,NOT_YET_SCREENED,2026-09-29,QUALIFIED,"First name is printed as Jen and was not expanded. Same Southlake, TX office as the company. Individual production beyond the DSCR team listing and NMLS was not separately biographed.",
Mark,Dusza,Mark Dusza,Senior Loan Officer,Crestmark Lending,crestmarklending.com,https://crestmarklending.com/,Southlake,TX,,,NONE,,(866) 655-8060,https://crestmarklending.com/dscr-loans/florida/,"Listed on the dedicated Florida DSCR lending team as Mark Dusza, Sr. Loan Officer, NMLS #860825.",https://crestmarklending.com/dscr-loans/florida/,Independent mortgage broker specializing in DSCR loans for real estate investors and comparing 20+ wholesale DSCR lenders.,https://crestmarklending.com/dscr-loans/texas/,Mortgage broker helping Texas investors compare DSCR options from multiple lenders.,Named on the company's DSCR specialist team.,Employer shops 20+ wholesale DSCR lenders and states it is not a bank.,DSCR,"Single-family rentals on the Texas DSCR page; single-family, duplex, and triplex on the Florida page selector.",BROKER,YES,YES,PASS,PRIOR_WORKBOOK_NOT_SUPPLIED,NOT_YET_SCREENED,2026-09-29,QUALIFIED,"Southlake, TX office. Company NMLS 2789535.",
Ryan,Wood,Ryan Wood,Loan Officer,Crestmark Lending,crestmarklending.com,https://crestmarklending.com/,Southlake,TX,,,NONE,,(866) 655-8060,https://crestmarklending.com/dscr-loans/florida/,"Listed on the dedicated Florida DSCR lending team as Ryan Wood, Loan Officer, NMLS #1757471.",https://crestmarklending.com/dscr-loans/florida/,"Independent mortgage broker specializing in DSCR loans, comparing 20+ lenders across wholesale DSCR programs.",https://crestmarklending.com/dscr-loans/texas/,"We work with 20+ DSCR lenders to offer competitive rates and flexible guidelines for rental purchases, refinances, cash-out, and portfolio growth.",Named on the DSCR specialist team for Florida and Texas pages.,Employer is an independent broker using 20+ wholesale DSCR lenders.,DSCR,Single-family rentals discussed on the Texas DSCR page.,BROKER,YES,YES,PASS,PRIOR_WORKBOOK_NOT_SUPPLIED,NOT_YET_SCREENED,2026-09-29,QUALIFIED,"Fifth named originator on the same DSCR team. Included because the page labels the group as DSCR specialists rather than a general consumer roster. Southlake, TX.",
Alex,Doce,Alex Doce,Principal,The Doce Mortgage Group,thedocegroup.com,https://thedocegroup.com/,Fort Lauderdale,FL,,,NONE,,(305) 661-3434,https://thedocegroup.com/dscr-loans/florida/,"Alex Doce has been originating Florida mortgages since 1987. Led by Alex Doce. Footer lists Alex Doce, NMLS #13817. Call line says speak directly with Alex Doce.",https://thedocegroup.com/dscr-loans/florida/,Our team works with a wide network of lenders to deliver competitive DSCR rates. The Doce Mortgage Group partners with some of the top DSCR funding sources in Florida and nationwide.,https://thedocegroup.com/dscr-loans/florida/,Recognized by WalletHub as one of the Best Mortgage Brokers in Fort Lauderdale. Headquartered in Fort Lauderdale.,"Florida DSCR loans that qualify on rental income rather than W-2s or tax returns, including long-term rentals, condos, and short-term rentals.",Described as mortgage brokers who use a wide network of lenders and DSCR funding sources rather than a single bank product.,DSCR; conventional; FHA; VA; USDA; jumbo; non-QM; foreign national,"Page discusses a Tampa duplex, Miami condos, and Orlando short-term rentals as DSCR properties.",BROKER,YES,YES,PASS,PRIOR_WORKBOOK_NOT_SUPPLIED,NOT_YET_SCREENED,2026-09-29,QUALIFIED,"Address: 2708 NE 37th Drive, Fort Lauderdale, FL 33308. Personal NMLS 13817. Company NMLS 2638131. Site also prints (800) 355-ALEX as a direct line; the vanity number was not converted.",
Chris,Luis,Christopher Luis,Broker/Owner,Mortgage-World.com,mortgage-world.com,https://www.mortgage-world.com/,Ridgefield,NJ,,,NONE,,888.958.5382,https://www.mortgage-world.com/,"Chris Luis, Broker/Owner, NMLS #1630225, has been a licensed loan officer since 2002. In 2017 he opened Mortgage-World.com as a family-owned brokerage. Office is in Ridgefield, NJ.",https://www.mortgage-world.com/,A mortgage broker shops the market on your behalf rather than selling one bank's product line.,https://www.mortgage-world.com/dscr-loans-in-florida/,Mortgage-World.com (NMLS #1630225) is a licensed Florida mortgage broker offering debt service coverage ratio loans through our lender network statewide.,"Florida DSCR page offers Standard DSCR, Reduced-Ratio DSCR, No Ratio DSCR, and DSCR Plus Assets for investment property.",Broker shops the market and offers DSCR loans through a lender network.,DSCR; conventional; investment property,Florida DSCR page: Yes. Mortgage-World.com offers DSCR loans on 1-4 unit investment properties across Florida.,BROKER,YES,YES,PASS,PRIOR_WORKBOOK_NOT_SUPPLIED,NOT_YET_SCREENED,2026-09-29,QUALIFIED,"Office: 535 Bergen Blvd, Suite 2, Ridgefield, NJ 07657. Licensed in New Jersey, Connecticut, and Florida. Florida license MLB 1987. Legal first name Christopher is printed on the team heading; Chris is the name used in the owner bio. Other loan officers at the firm are in review because their own pages do not show investor production.",
Brandon,Miller,Brandon Miller,"Founder & CEO, Mortgage Loan Originator",Lendmire LLC,lendmire.com,https://www.lendmire.com/,Boone,NC,,,NONE,,(828) 256-2183,https://www.lendmire.com/dscr-loans-baltimore/,"Reviewed by Brandon Miller, Founder & CEO, Mortgage Loan Originator, Lendmire LLC. NMLS# 1129696. Last reviewed September 26, 2026.",https://www.lendmire.com/dscr-loans-baltimore/,"Lendmire is a DSCR-focused mortgage brokerage, NMLS# 2371349. Lendmire operates as a licensed mortgage broker, not a direct lender or depository.",https://www.lendmire.com/dscr-loans-baltimore/,"Standard programs across primary wholesale partners. Office: 584 State Farm Rd., Suite 203, Boone, NC 28607.","DSCR investor loan programs for Baltimore row houses and small multifamily, qualified on rental income.","Licensed mortgage broker, not a direct lender, using primary wholesale partners.",DSCR; bank statement,Page contrasts Baltimore row houses with scattered single-family properties and discusses row-house and small multifamily investor loans. Row houses are 1-unit residential rentals.,BROKER,YES,YES,PASS,PRIOR_WORKBOOK_NOT_SUPPLIED,NOT_YET_SCREENED,2026-09-29,QUALIFIED,"The article is about Baltimore, Maryland properties. The company office and the reviewer's published address are Boone, North Carolina. Email on the page was obfuscated and was not recorded. He also holds a North Carolina real estate broker license.",
John,Madden,John Madden,Owner,Capital Funding Mortgage,capitalfundingmortgage.com,https://www.capitalfundingmortgage.com/,Newtown,PA,,johnfmadden@capitalfundingmortgage.com,PUBLIC,(215) 601-6724,,https://www.capitalfundingmortgage.com/dscr-loans-in-pennsylvania,"John Madden, owner of Capital Funding Mortgage, has been helping borrowers with mortgage financing for more than 25 years. John Madden NMLS 960748.",https://www.capitalfundingmortgage.com/dscr-loans-in-pennsylvania,"As a mortgage broker, Capital Funding Mortgage can compare DSCR programs from multiple wholesale lenders.",https://www.capitalfundingmortgage.com/dscr-loans-in-pennsylvania,"Capital Funding Mortgage Associates is an independent mortgage broker located in Newtown, Bucks County, PA, serving borrowers throughout Pennsylvania and New Jersey since 1999.","DSCR loan options for real estate investors in Pennsylvania and New Jersey, comparing programs when an investor does not fit one lender's guidelines.",Independent mortgage broker that compares DSCR programs from multiple wholesale lenders.,DSCR,"Page covers DSCR financing for investment properties in Bucks County, Newtown, the Philadelphia area, Pittsburgh, and New Jersey. It does not print the exact phrase 1-4 unit.",BROKER,YES,YES,PASS,PRIOR_WORKBOOK_NOT_SUPPLIED,NOT_YET_SCREENED,2026-09-29,QUALIFIED,"Newtown, PA 18940. Company NMLS 960139. Also serves New Jersey. New York is not an office location on this page.",
David,Kevelighan,David Kevelighan,Senior Mortgage Advisor,"Barrett Financial Group, L.L.C.",barrettfinancial.com,https://barrettfinancial.com/,Chandler,AZ,,davek@barrettfinancial.com,PUBLIC,303-520-0004,,https://davekevelighan.com/non-qm/,"Dave Kevelighan, Sr. Mortgage Advisor & Commercial Finance Consultant. Contact Dave Kevelighan regarding Non-QM loans today. NMLS #1662174.",https://davekevelighan.com/non-qm/,"Barrett Financial Group is an Equal Opportunity Mortgage Broker/Lender. As a broker, Barrett Financial Group is NOT individually approved by the FHA or HUD, but Barrett Financial Group is allowed to originate FHA loans based on their relationships with FHA approved lenders.",https://davekevelighan.com/non-qm/,"Over the past few years, many wholesale lenders have increased their offerings that include Non-QM loans. Published company address: 2701 East Insight Way, Suite 150, Chandler, AZ 85286.",Investment properties can qualify based on Debt Service Coverage Ratio (DSCR) of cash-flowing rental income.,"Firm identifies itself as a mortgage broker/lender that originates through relationships with approved lenders, and the non-QM page discusses wholesale-lender product menus.",DSCR; non-QM; bank statement; renovation; conventional; FHA; VA; jumbo,"DSCR is described for investment properties with cash-flowing rental income. The page does not print the exact phrase 1-4 unit. Loan amounts are advertised up to $10,000,000, so some production may be larger than 1-4 units.",HYBRID_BROKER,YES,YES,PASS,PRIOR_WORKBOOK_NOT_SUPPLIED,NOT_YET_SCREENED,2026-09-29,QUALIFIED,"Licensed for Arizona and Colorado. Services on the page are limited to people in Colorado or Arizona. Phone area code is 303. Street address on the page is Chandler, Arizona. He also markets reverse mortgages and commercial lending; DSCR is an explicit non-QM product on this page, so the record is not reverse-only. Company NMLS 181106.",
Adam,Styer,Adam Styer,Mortgage Broker,Kyber Mortgage Corporation dba HyperSmart Home Loans,styermortgage.com,https://styermortgage.com/,Austin,TX,,adam@thestyerteam.com,PUBLIC,(512) 956-6010,,https://styermortgage.com/dscr-loans-texas.html,Adam Styer (NMLS #513013) closes Texas DSCR loans for in-state and out-of-state buyers. I broker through 40+ wholesale lenders.,https://styermortgage.com/dscr-loans-texas.html,"As a broker with access to 40+ wholesale DSCR investors, I shop your scenario across multiple lenders.",https://styermortgage.com/,"Kyber Mortgage Corporation dba HyperSmart Home Loans is a Licensed Mortgage Broker in Texas. Principal address 9050 N. Capital of Texas Hwy, Ste 390, Austin, Texas 78759. Company NMLS 2653540.","Texas DSCR loans for single-family and short-term rentals, qualified on rental income rather than personal income.",Licensed Texas mortgage broker who shops 40+ wholesale DSCR lenders.,DSCR; bank statement; non-QM; jumbo; construction,Standard DSCR programs require 20 to 25 percent down for single-family and 2-4 unit properties.,BROKER,YES,YES,PASS,PRIOR_WORKBOOK_NOT_SUPPLIED,NOT_YET_SCREENED,2026-09-29,QUALIFIED,Personal NMLS 513013. Company NMLS 2653540. Email published on https://styermortgage.com/.,
Lauren,Hatmaker,Lauren Hatmaker,Owner/Mortgage Specialist,Bend Mortgage Brokers,bendmortgagebrokers.com,https://www.bendmortgagebrokers.com/,Bend,OR,,Lauren@BendMortgageBrokers.com,PUBLIC,(541) 510-8428,(541) 972-8616,https://www.bendmortgagebrokers.com/,"Lauren Hatmaker, Owner/Mortgage Specialist, NMLS 409651. Bio says she presents options for DSCR and rental property loans for investors. Matt, Lauren, and Chandler are licensed loan originators who work the file personally.",https://www.bendmortgagebrokers.com/,"Bend Mortgage Brokers is an independent mortgage broker serving Oregon, Washington, and Colorado — shopping dozens of mortgage lenders and banks.",https://www.bendmortgagebrokers.com/loan-program/dscr-loans/,We work with multiple lenders so we can match your property and numbers to the right fit rather than forcing everything through one program.,Lauren's bio covers DSCR and rental property loans. The DSCR program page covers short-term and long-term rentals.,Independent mortgage broker shopping dozens of lenders and placing the loan where it fits.,DSCR; fix and flip; construction; renovation; VA; conventional,"DSCR program page: short-term rentals and long-term rentals — 1-4 unit properties and condos, in Oregon, Washington, and Colorado.",BROKER,YES,YES,PASS,PRIOR_WORKBOOK_NOT_SUPPLIED,NOT_YET_SCREENED,2026-09-29,QUALIFIED,"Office: 150 NE Hawthorne Ave. STE 204, Bend, OR 97701. Company NMLS 2552455. Oregon ML-5420. Washington MB-1433297.",
Matt,Boytz,Matt Boytz,Branch Manager,Bend Mortgage Brokers,bendmortgagebrokers.com,https://www.bendmortgagebrokers.com/,Bend,OR,,Matt@BendMortgageBrokers.com,PUBLIC,(541) 359-7212,(541) 972-8616,https://www.bendmortgagebrokers.com/,"Matt Boytz, Branch Manager, NMLS 1294957. Bio cites experience with fix and flips and construction, renovation, FHA 203k, and HomeStyle renovation loans. Listed as a licensed loan originator who works the file personally.",https://www.bendmortgagebrokers.com/,"Independent mortgage broker shopping dozens of mortgage lenders. A mortgage broker works on the wholesale side and can compare rates across dozens of lenders, then place the loan where it fits best.",https://www.bendmortgagebrokers.com/loan-program/dscr-loans/,"DSCR loans for short-term and long-term rentals, matched across multiple lenders.","Personal bio: fix and flips, construction loans, and renovation loans. Company DSCR program is part of the same shop.",Wholesale broker that places loans with dozens of lenders.,Fix and flip; construction; renovation; DSCR,Company DSCR page states 1-4 unit properties and condos.,BROKER,YES,YES,PASS,PRIOR_WORKBOOK_NOT_SUPPLIED,NOT_YET_SCREENED,2026-09-29,QUALIFIED,"Bend, OR office. His personal bio emphasizes renovation and fix-and-flip more than DSCR; DSCR is a firm program.",
Chandler,Sawyer,Chandler Sawyer,Mortgage Specialist,Bend Mortgage Brokers,bendmortgagebrokers.com,https://www.bendmortgagebrokers.com/,Bend,OR,,Chandler@BendMortgageBrokers.com,PUBLIC,(541) 729-1975,,https://www.bendmortgagebrokers.com/,"Chandler Sawyer, Mortgage Specialist, NMLS 2507118. Bio describes FHA, USDA, and Oregon down payment assistance, not investor loans.",https://www.bendmortgagebrokers.com/loan-program/dscr-loans/,The firm offers 1-4 unit DSCR loans and shops multiple lenders. That evidence is company-level.,,,Not shown for this person.,Company-level wholesale brokerage.,FHA; USDA; down payment assistance,Not tied to this person.,BROKER,YES,YES,PASS,PRIOR_WORKBOOK_NOT_SUPPLIED,NOT_YET_SCREENED,2026-09-29,REVIEW_REQUIRED,Current originator at a qualifying brokerage. Personal production described on the site is owner-occupied purchase business.,
Julia,Luis,Julia Luis,Loan Officer,Mortgage-World.com,mortgage-world.com,https://www.mortgage-world.com/,Ridgefield,NJ,,,NONE,,888.958.5382,https://www.mortgage-world.com/,"Team page lists Julia Luis, Loan Officer, NJ, CT, FL, at the Ridgefield family brokerage.",https://www.mortgage-world.com/dscr-loans-in-florida/,Company offers DSCR loans on 1-4 unit investment properties through a lender network.,,,Company-level DSCR evidence only. No page reviewed shows Julia personally originating investor loans.,Company-level broker evidence only.,Company advertises DSCR,Company Florida page states 1-4 unit DSCR loans. Not tied to this person individually.,BROKER,YES,YES,PASS,PRIOR_WORKBOOK_NOT_SUPPLIED,NOT_YET_SCREENED,2026-09-29,REVIEW_REQUIRED,Current employment as a loan officer is supported. Personal investor-production evidence is not.,
Junie,Benoit,Junie Benoit,Loan Officer,Mortgage-World.com,mortgage-world.com,https://www.mortgage-world.com/,Ridgefield,NJ,,,NONE,,888.958.5382,https://www.mortgage-world.com/,"Team page lists Junie Benoit, Loan Officer, Florida.",https://www.mortgage-world.com/dscr-loans-in-florida/,Company offers Florida DSCR loans through a lender network.,,,Company-level only.,Company-level only.,Company advertises DSCR,Company page states 1-4 unit DSCR. Not tied to this person individually.,BROKER,YES,YES,PASS,PRIOR_WORKBOOK_NOT_SUPPLIED,NOT_YET_SCREENED,2026-09-29,REVIEW_REQUIRED,Florida loan officer at a qualifying brokerage. Individual investor production was not shown.,
Danny,Henry,Danny Henry,Loan Officer,Mortgage-World.com,mortgage-world.com,https://www.mortgage-world.com/,Ridgefield,NJ,,,NONE,,888.958.5382,https://www.mortgage-world.com/,"Team page lists Danny Henry, Loan Officer, Florida.",https://www.mortgage-world.com/dscr-loans-in-florida/,Company offers Florida DSCR loans on 1-4 unit property through a lender network.,,,Company-level only.,Company-level only.,Company advertises DSCR,Company page states 1-4 unit DSCR. Not tied to this person individually.,BROKER,YES,YES,PASS,PRIOR_WORKBOOK_NOT_SUPPLIED,NOT_YET_SCREENED,2026-09-29,REVIEW_REQUIRED,Individual investor production was not shown.,
Steve,Bucciarelli,Steve Bucciarelli,Licensed Mortgage Broker,Preferred Mortgage Corp of NY,xmortgagebroker.com,https://xmortgagebroker.com/,,NY,,hello@xmortgagebroker.com,PUBLIC,,,https://xmortgagebroker.com/,"Steve Bucciarelli, Licensed Mortgage Broker, NMLS #2002586, Preferred Mortgage Corp of NY.",https://xmortgagebroker.com/,Access to dozens of wholesale lenders and DSCR investment loans. Sponsorship language on the site refers to Preferred Mortgage Corporation of New York.,,,DSCR and investment property financing are advertised.,Site says the broker accesses dozens of wholesale lenders.,DSCR; non-QM; 1031,Investment property loans described for single-family and 2-4 unit on a related program page.,BROKER,YES,NO,PASS,PRIOR_WORKBOOK_NOT_SUPPLIED,NOT_YET_SCREENED,2026-09-29,EXCLUDED,Investor-broker fit is otherwise credible.,Company is Preferred Mortgage Corp of New York. New York locations are excluded.
