Source URL,Page Title,What Extracted,Access Date,Notes
https://mortgageapprovalgroup.com/loan-officers/scott-kepler,,Person evidence for Scott Kepler,2026-09-29,Public webpage fetched and quoted. No data API.
https://mortgageapprovalgroup.com/,,"Company evidence for Mortgage Approval Group, LLC",2026-09-29,Public webpage fetched and quoted. No data API.
https://dscrdirect.net/about,,Person evidence for Jennifer Kirby,2026-09-29,Public webpage fetched and quoted. No data API.
https://timpopploans.com/about-tim-popp/,,Person evidence for Tim Popp,2026-09-29,Public webpage fetched and quoted. No data API.
https://onpointmortgagepro.com/,,Person evidence for Victor Santos,2026-09-29,Public webpage fetched and quoted. No data API.
https://onpointmortgagepro.com/about/,,Company evidence for OnPoint Mortgage Pro,2026-09-29,Public webpage fetched and quoted. No data API.
https://dscrloan.loan/about,,Person evidence for Stephen Robert Mannenbach,2026-09-29,Public webpage fetched and quoted. No data API.
https://dscrloan.loan/,,Second company evidence for Loan Daddy LLC,2026-09-29,Public webpage fetched and quoted. No data API.
https://capitalkings.co/,,Person evidence for Micah Foster,2026-09-29,Public webpage fetched and quoted. No data API.
https://www.linkedin.com/in/micah-foster-95b24a192,,Second company evidence for Capital Kings LLC,2026-09-29,Public webpage fetched and quoted. No data API.
https://lazzarolending.com/,,Person evidence for Justin Lazzaro,2026-09-29,Public webpage fetched and quoted. No data API.
https://lazzarolending.com/loan-options/dscr-home-loan,,"Company evidence for Reasy Financial, LLC",2026-09-29,Public webpage fetched and quoted. No data API.
https://www.txpremiermortgage.com/steve-head-with-texas-premier-mortgage-top-dscr-broker/,,Person evidence for Steve Head,2026-09-29,Public webpage fetched and quoted. No data API.
https://www.txpremiermortgage.com/,,Company evidence for Texas Premier Mortgage,2026-09-29,Public webpage fetched and quoted. No data API.
https://crestmarklending.com/dscr-loans/florida/,,Person evidence for Brett Dempsey,2026-09-29,Public webpage fetched and quoted. No data API.
https://crestmarklending.com/dscr-loans/texas/,,Second company evidence for Crestmark Lending,2026-09-29,Public webpage fetched and quoted. No data API.
https://lonestarfinancing.com/dscr-loans-texas/,,Second company evidence for Crestmark Lending,2026-09-29,Public webpage fetched and quoted. No data API.
https://thedocegroup.com/dscr-loans/florida/,,Person evidence for Alex Doce,2026-09-29,Public webpage fetched and quoted. No data API.
https://www.mortgage-world.com/,,Person evidence for Christopher Luis,2026-09-29,Public webpage fetched and quoted. No data API.
https://www.mortgage-world.com/dscr-loans-in-florida/,,Second company evidence for Mortgage-World.com,2026-09-29,Public webpage fetched and quoted. No data API.
https://www.lendmire.com/dscr-loans-baltimore/,,Person evidence for Brandon Miller,2026-09-29,Public webpage fetched and quoted. No data API.
https://www.capitalfundingmortgage.com/dscr-loans-in-pennsylvania,,Person evidence for John Madden,2026-09-29,Public webpage fetched and quoted. No data API.
https://davekevelighan.com/non-qm/,,Person evidence for David Kevelighan,2026-09-29,Public webpage fetched and quoted. No data API.
https://styermortgage.com/dscr-loans-texas.html,,Person evidence for Adam Styer,2026-09-29,Public webpage fetched and quoted. No data API.
https://styermortgage.com/,,Second company evidence for Kyber Mortgage Corporation dba HyperSmart Home Loans,2026-09-29,Public webpage fetched and quoted. No data API.
https://www.bendmortgagebrokers.com/,,Person evidence for Lauren Hatmaker,2026-09-29,Public webpage fetched and quoted. No data API.
https://www.bendmortgagebrokers.com/loan-program/dscr-loans/,,Second company evidence for Bend Mortgage Brokers,2026-09-29,Public webpage fetched and quoted. No data API.
https://xmortgagebroker.com/,,Person evidence for Steve Bucciarelli,2026-09-29,Public webpage fetched and quoted. No data API.
https://barrenhillmortgage.com/about,,Person evidence for Andrew Haff,2026-09-29,Public webpage fetched and quoted. No data API.
https://www.alpinebanker.com/nj-mortgage,,Person evidence for Steven Parangi,2026-09-29,Public webpage fetched and quoted. No data API.
https://www.rhmlending.com/about,,Person evidence for Harry Hager,2026-09-29,Public webpage fetched and quoted. No data API.
https://www.experience.com/reviews/diego-12696553,,Person evidence for Diego Osorno,2026-09-29,Public webpage fetched and quoted. No data API.
https://mdomortgage.com/,,Company evidence for MDO Mortgage,2026-09-29,Public webpage fetched and quoted. No data API.
https://mdomortgage.com/about-us/,,Second company evidence for MDO Mortgage,2026-09-29,Public webpage fetched and quoted. No data API.
https://www.experience.com/reviews/mauricio-osorno-308517,,Person evidence for Mauricio Osorno,2026-09-29,Public webpage fetched and quoted. No data API.
https://www.beyondfinancing.com/loan-officer/sandro-pansini-souza,,Person evidence for Sandro Pansini Souza,2026-09-29,Public webpage fetched and quoted. No data API.
https://www.beyondfinancing.com/dscr-investor-loans,,"Company evidence for Beyond Financing, Inc.",2026-09-29,Public webpage fetched and quoted. No data API.
https://www.beyondfinancing.com/,,"Second company evidence for Beyond Financing, Inc.",2026-09-29,Public webpage fetched and quoted. No data API.
https://www.beyondfinancing.com/loan-officer,,Person evidence for Nate Hubley,2026-09-29,Public webpage fetched and quoted. No data API.
https://dominickprevete.com/dscr-loan-new-jersey,,Person evidence for Dominick Prevete,2026-09-29,Public webpage fetched and quoted. No data API.
https://www.chesapeakebaymortgage.com/,,Person evidence for Adam Charney,2026-09-29,Public webpage fetched and quoted. No data API.
https://mortgagesbyscott.com/dscr-loans-in-charlotte-nc/,,Person evidence for Scott Hastings,2026-09-29,Public webpage fetched and quoted. No data API.
https://mortgagesbyscott.com/,,Second company evidence for Mortgages by Scott / Arbor Financial,2026-09-29,Public webpage fetched and quoted. No data API.
https://www.lendmire.com/ourteam/,,Person evidence for Brenda Berryhill,2026-09-29,Public webpage fetched and quoted. No data API.
https://www.lendmire.com/dscr-loan-limits-how-much-can-you-borrow/,,"Company evidence for Lendmire, LLC",2026-09-29,Public webpage fetched and quoted. No data API.
https://www.lendmire.com/brandonmiller/,,"Second company evidence for Lendmire, LLC",2026-09-29,Public webpage fetched and quoted. No data API.
https://www.lendmire.com/alaynapack/,,Person evidence for Alayna Pack,2026-09-29,Public webpage fetched and quoted. No data API.
https://travis.mortgage/dscr-loans/maine,,Person evidence for Travis Penny,2026-09-29,Public webpage fetched and quoted. No data API.
https://visionmortgage.me/,,"Company evidence for Vision Mortgage, LLC",2026-09-29,Public webpage fetched and quoted. No data API.
https://chester-financial.com/,,Person evidence for Cesar A Lecaros,2026-09-29,Public webpage fetched and quoted. No data API.
https://atlanticcorporation.net/staff-roster/,,Person evidence for Dino Brantolino,2026-09-29,Public webpage fetched and quoted. No data API.
https://atlanticcorporation.net/loan-programs/dscr-loans/,,Company evidence for Atlantic Mortgage & Finance,2026-09-29,Public webpage fetched and quoted. No data API.
https://dscrloansmadeeasy.com/,,Person evidence for Duane Buziak,2026-09-29,Public webpage fetched and quoted. No data API.
https://dynamicfunding.net/,,Person evidence for Lena Polnet,2026-09-29,Public webpage fetched and quoted. No data API.
https://dynamicfunding.net/services/dscr-loans/,,Company evidence for Dynamic Funding Solutions,2026-09-29,Public webpage fetched and quoted. No data API.
https://mortgagesbyus.com/,,Person evidence for Janet Madric,2026-09-29,Public webpage fetched and quoted. No data API.
https://www.abcunitedfinance.com/about-us/,,Person evidence for Amir Mo Shirazi,2026-09-29,Public webpage fetched and quoted. No data API.
https://www.abcunitedfinance.com/loan-programs/non-qm-loans/,,Second company evidence for ABC United Finance Corp,2026-09-29,Public webpage fetched and quoted. No data API.
https://www.philadelphiamortgage.com/team,,Person evidence for John Crits,2026-09-29,Public webpage fetched and quoted. No data API.
https://www.philadelphiamortgage.com/dscr,,"Company evidence for Philadelphia Mortgage Company, Inc.",2026-09-29,Public webpage fetched and quoted. No data API.
https://kestrellending.com/about,,Person evidence for Humberto Marquez,2026-09-29,Public webpage fetched and quoted. No data API.
https://bartlinglending.com/about-us/,,Person evidence for Adam Bartling,2026-09-29,Public webpage fetched and quoted. No data API.
https://bartlinglending.com/,,"Company evidence for Texas Lending Pro, Inc.",2026-09-29,Public webpage fetched and quoted. No data API.
https://bartlinglending.com/dscr-loan-texas/,,"Second company evidence for Texas Lending Pro, Inc.",2026-09-29,Public webpage fetched and quoted. No data API.
https://www.justinwagerthemortgageman.com/faq/,,Person evidence for Justin Wager,2026-09-29,Public webpage fetched and quoted. No data API.
https://valorhomemortgage.com/dscr-loans,,Person evidence for Jonathan Mullins,2026-09-29,Public webpage fetched and quoted. No data API.
https://www.bcpmortgage.com/founder,,Person evidence for Philip Bennett,2026-09-29,Public webpage fetched and quoted. No data API.
https://www.bcpmortgage.com/dscr-mortgages,,Company evidence for Bennett Capital Partners,2026-09-29,Public webpage fetched and quoted. No data API.
https://www.bcpmortgage.com/aboutus,,Second company evidence for Bennett Capital Partners,2026-09-29,Public webpage fetched and quoted. No data API.
https://orlickigroup.com/dscr-loans-tampa-bay/,,Person evidence for Oliver Orlicki,2026-09-29,Public webpage fetched and quoted. No data API.
https://www.nsmn.com/dscr-loans-jacksonville-first-time-investors/,,Person evidence for Nathan Young,2026-09-29,Public webpage fetched and quoted. No data API.
https://www.nsmn.com/best-mortgage-broker-jacksonville/,,"Second company evidence for North Star Mortgage Network, Inc.",2026-09-29,Public webpage fetched and quoted. No data API.
https://www.foresthillsmortgage.com/mortgage-broker-jacksonville/,,Person evidence for Matt Mergo,2026-09-29,Public webpage fetched and quoted. No data API.
https://bayoumortgage.com/about/,,Person evidence for Channing Moore,2026-09-29,Public webpage fetched and quoted. No data API.
https://bayoumortgage.com/dscr-loan/louisiana/,,Second company evidence for Mortgages by Channing,2026-09-29,Public webpage fetched and quoted. No data API.
https://www.borrowlouisiana.com/investor-and-commercial-loans,,Person evidence for Bernard Guste,2026-09-29,Public webpage fetched and quoted. No data API.
https://www.uhomemortgage.com/about-us,,Person evidence for Coby Pegues,2026-09-29,Public webpage fetched and quoted. No data API.
https://www.uhomemortgage.com/dscr-investor-loan,,Company evidence for UHome Mortgage LLC,2026-09-29,Public webpage fetched and quoted. No data API.
https://tyclosesloans.com/,,Person evidence for Ty Keller,2026-09-29,Public webpage fetched and quoted. No data API.
https://tyclosesloans.com/mortgage-broker-forsyth-county-ga/,,"Company evidence for Edge Home Finance, LLC",2026-09-29,Public webpage fetched and quoted. No data API.
https://www.homeloansinc.com/who-is-jason-sharon/,,Person evidence for Jason Sharon,2026-09-29,Public webpage fetched and quoted. No data API.
https://www.homeloansinc.com/investment-property-loans/dscr/,,Company evidence for Home Loans Inc,2026-09-29,Public webpage fetched and quoted. No data API.
https://lbcmortgage.com/team/alex-shekhtman/,,Person evidence for Alex Shekhtman,2026-09-29,Public webpage fetched and quoted. No data API.
https://lbcmortgage.com/mortgage-broker-california/dscr-loans-california/,,Company evidence for LBC Mortgage,2026-09-29,Public webpage fetched and quoted. No data API.
https://lbcmortgage.com/team/kenneth-la/,,Person evidence for Kenneth La,2026-09-29,Public webpage fetched and quoted. No data API.
https://lbcmortgage.com/team/ruben-egoyan/,,Person evidence for Ruben Egoyan,2026-09-29,Public webpage fetched and quoted. No data API.
https://lbcmortgage.com/team/shant-kasabyan/,,Person evidence for Shant Kasabyan,2026-09-29,Public webpage fetched and quoted. No data API.
https://www.iloanca.com/,,Person evidence for Mike Basti,2026-09-29,Public webpage fetched and quoted. No data API.
https://www.bestmortgageloansfast.com/debt-service-coverage-ratio-dscr-loan,,Person evidence for Travis Erickson,2026-09-29,Public webpage fetched and quoted. No data API.
https://www.bestmortgageloansfast.com/dscr-loans-mesa-gilbert-arizona-2026-deal-analysis,,Company evidence for Bonelli Financial Group,2026-09-29,Public webpage fetched and quoted. No data API.
https://www.bestmortgageloansfast.com/meet-the-team,,Second company evidence for Bonelli Financial Group,2026-09-29,Public webpage fetched and quoted. No data API.
https://www.salbossiomortgage.com/dscr-loans-arizona,,Person evidence for Sal Bossio,2026-09-29,Public webpage fetched and quoted. No data API.
https://www.barrettfinancial.com/,,Second company evidence for Barrett Financial Group,2026-09-29,Public webpage fetched and quoted. No data API.
https://www.roccuzzomortgagegroup.com/loan-programs/dscr-loans,,Person evidence for Frank Roccuzzo,2026-09-29,Public webpage fetched and quoted. No data API.
https://stjohnloans.com/,,Person evidence for Robert St. John,2026-09-29,Public webpage fetched and quoted. No data API.
https://dscrbrokers.com/,,Person evidence for John Peisner,2026-09-29,Public webpage fetched and quoted. No data API.
https://pacifichomeloans.com/about-us/,,Person evidence for Steven Mangum,2026-09-29,Public webpage fetched and quoted. No data API.
https://pacifichomeloans.com/dscr-loan/,,Company evidence for Pacific Home Loans,2026-09-29,Public webpage fetched and quoted. No data API.
https://loansbysheilla.com/,,Person evidence for Sheilla Lavadia,2026-09-29,Public webpage fetched and quoted. No data API.
https://www.ltmortgage.com/about,,Person evidence for Steve Bennett,2026-09-29,Public webpage fetched and quoted. No data API.
https://www.ltmortgage.com/non-qm-loan,,Company evidence for Lake Tahoe Mortgage,2026-09-29,Public webpage fetched and quoted. No data API.
https://cascadamortgageadvisors.com/about,,Person evidence for Omar Michel,2026-09-29,Public webpage fetched and quoted. No data API.
https://cascadamortgageadvisors.com/loan-programs/dscr,,"Company evidence for Cascada Mortgage Advisors, Inc.",2026-09-29,Public webpage fetched and quoted. No data API.
https://www.kmghawaii.com/team-member/brian-bender,,Person evidence for Brian Bender,2026-09-29,Public webpage fetched and quoted. No data API.
https://www.kmghawaii.com/,,Company evidence for Kama'aina Mortgage Group Inc.,2026-09-29,Public webpage fetched and quoted. No data API.
https://www.kmghawaii.com/team-member/john-keifer,,Person evidence for John Keifer,2026-09-29,Public webpage fetched and quoted. No data API.
https://www.kmghawaii.com/team-member/wayde-nakasone,,Person evidence for Wayde Nakasone,2026-09-29,Public webpage fetched and quoted. No data API.
https://www.hydefunding.com/about-us/,,Person evidence for Steven Hyde,2026-09-29,Public webpage fetched and quoted. No data API.
https://www.alisonrucker.com/home-loans/dscr-loans,,Person evidence for Alison Rucker,2026-09-29,Public webpage fetched and quoted. No data API.
https://jasonwhigham.com/,,Person evidence for Jason Whigham,2026-09-29,Public webpage fetched and quoted. No data API.
https://www.1stclassmtg.com/loan-officer/david-moody,,Person evidence for David Moody,2026-09-29,Public webpage fetched and quoted. No data API.
https://tcstrait.com/about/,,Person evidence for T.C. Strait,2026-09-29,Public webpage fetched and quoted. No data API.
https://tcstrait.com/ohio-dscr-loans/,,Second company evidence for T.C. Strait,2026-09-29,Public webpage fetched and quoted. No data API.
https://www.theadvantagelending.com/about-us,,Person evidence for Rory Driscoll,2026-09-29,Public webpage fetched and quoted. No data API.
https://www.theadvantagelending.com/,,Company evidence for Advantage Lending,2026-09-29,Public webpage fetched and quoted. No data API.
https://mortgagebrokerindy.com/,,Person evidence for Gregory Allen Rank,2026-09-29,Public webpage fetched and quoted. No data API.
https://mortgagebrokerindy.com/indiana-mortgage-lenders/,,"Second company evidence for Channelwood Mortgage, Inc.",2026-09-29,Public webpage fetched and quoted. No data API.
https://mathismortgage.com/loan-programs/dscr,,Person evidence for Randy Mathis,2026-09-29,Public webpage fetched and quoted. No data API.
https://molitorfinancialgroup.com/craig-messman,,Person evidence for Craig Messman,2026-09-29,Public webpage fetched and quoted. No data API.
https://selectdscrcapital.com/,,Company classification for Select DSCR Capital,2026-09-29,REVIEW_REQUIRED
https://usekeystone.com/,,Company classification for Keystone Financial Services,2026-09-29,REVIEW_REQUIRED
https://claviscapitalgroup.com/,,Company classification for Clavis Capital Group,2026-09-29,REVIEW_REQUIRED
https://www.lantzmanlending.com/,,Company classification for Lantzman Lending,2026-09-29,EXCLUDED
https://www.northcoastfinancialinc.com/private-money-lenders-private-money-loans/,,Company classification for North Coast Financial,2026-09-29,EXCLUDED
https://www.bffws.com/states/california,,Company classification for Brokers First Funding,2026-09-29,EXCLUDED
https://www.fundmydscr.com/,,Company classification for DSCR Loan Funder LLC,2026-09-29,EXCLUDED
https://jakenfinancegroup.com/programs.pdf,,Company classification for Jaken Ventures LLC dba Jaken Finance Group,2026-09-29,EXCLUDED
https://passycapital.com/lenders,,Company classification for Passy Capital LLC,2026-09-29,EXCLUDED
https://valleywestmortgage.com/how-to-get-a-dscr-loan/,,Company classification for Valley West Mortgage,2026-09-29,EXCLUDED
https://www.junepointlending.com/dscr-loans-for-brokers,,Company classification for June Point Lending,2026-09-29,EXCLUDED
https://oakberrycapital.com/,,Company classification for Oakberry Capital LLC,2026-09-29,REVIEW_REQUIRED
