source	company	city	website
DELIVERED_OWNER	Country Landscapes Inc.	Ames	https://www.countrylandscapes.com
DELIVERED_OWNER	Lounsbury Landscaping Sand & Gravel	West Des Moines	https://www.lounsburylandscaping.com
DELIVERED_OWNER	Dynasty Homes	Johnston	https://www.dynastyhomes.com/
DELIVERED_OWNER	Des Moines Landscapes	Norwalk	https://desmoineslandscapes.com/
DELIVERED_OWNER	BB Roofing	Ankeny	https://www.bbroofing.com/
DELIVERED_OWNER	BAM! Basements and Masons	Des Moines	https://bambasements.com/
DELIVERED_OWNER	Ball Electric Inc.	Des Moines	https://ballelectricinc.net/
DELIVERED_OWNER	Iowa Home Consulting	Ankeny	https://www.iowahomeconsulting.com/
DELIVERED_OWNER	James Construction LLC	Des Moines	https://www.jamesconstructionia.com
DELIVERED_OWNER	B.T. Construction, LLC	Clive	https://btconstructiongroup.com/
DELIVERED_OWNER	Con-Struct, Inc.	Ames	https://constructiowa.com/
DELIVERED_OWNER	After Shock Heating & Cooling, LLC	Urbandale	https://aftershockia.com/
DELIVERED_OWNER	Flagger Pros USA	Ames	https://flaggerprosusa.com/
DELIVERED_OWNER	Action Electric	Des Moines	https://actionelectricdm.com/
DELIVERED_OWNER	Baxter Heating & Air	Ankeny	https://www.baxterheatingandair.com/
DELIVERED_OWNER	D&B Painting LLC	Pleasant Hill	
DELIVERED_OWNER	L. A. Fulton & Sons Inc.	Urbandale	https://fultonmech.com
DELIVERED_OWNER	Miller Electric	Indianola	https://mmillerelectric.com/
DELIVERED_OWNER	Greenland Homes Inc	Ankeny	https://www.greenlandhomesiowa.com
DELIVERED_OWNER	CertaPro Painters of Des Moines	Urbandale	https://certapro.com/desmoines/
DELIVERED_OWNER	CoolVu of Des Moines	Des Moines	https://www.coolvu.com/des-moines-window-film/
DELIVERED_OWNER	The Underground Company	Carlisle	https://undergroundcoltd.com
DELIVERED_OWNER	Wagoner Roofing and Construction	Urbandale	https://wagonerroofingiowa.com/
DELIVERED_OWNER	Schwinger Lawn Service	Stuart	https://schwingerlawnservice.com/
DELIVERED_OWNER	Dayton Heating & Air Conditioning, LLC	Urbandale	https://daytonhvac.com/
DELIVERED_OWNER	Lenz Heating and Cooling	Urbandale	https://lenzmechanical.com/
DELIVERED_OWNER	Varsity Zone HVAC of Urbandale	Urbandale	https://www.varsityzone.com/urbandale-ia/
DELIVERED_OWNER	Triple A Home Services LLC	Norwalk	https://tripleahomeservices.com/
DELIVERED_OWNER	Rogers Septic Maintenance & Repair	Des Moines	https://www.rogersseptic.com/
DELIVERED_OWNER	Platinum Plumbing Heating and Cooling, LLC	Waukee	https://platinumphcdsm.com/
DELIVERED_OWNER	Armor Electric	Ankeny	https://www.armorelectriccompany.com/
DELIVERED_OWNER	Jenson Electric LLC	Johnston	https://www.jensonelectric.com/
DELIVERED_OWNER	Burkhead Electric	Indianola	https://www.burkheadelectric.com/
DELIVERED_OWNER	Right Roofing & Siding	Urbandale	https://rightroofing.com/
DELIVERED_OWNER	Haggerty Windows and Siding	Urbandale	http://www.haggertywindowsandsiding.com/
DELIVERED_OWNER	Superior Contractors LLC	Waukee	https://www.superiorcontractorsiowa.com/
DELIVERED_OWNER	Superstorm Roofing & Siding	Waukee	https://superstormrestoration.com/
DELIVERED_OWNER	American Home Renovations, L.L.C.	Bondurant	https://americanhomereno.com/
DELIVERED_OWNER	Robben Roofing	Bondurant	https://robbenroofingiowa.com/
DELIVERED_OWNER	The Tree Service LLC	Des Moines	https://thetreeserviceia.com/
DELIVERED_OWNER	Ken's Tree Service	Urbandale	https://kenstreecaredsm.com/
DELIVERED_OWNER	Kingdom Tree Service	Urbandale	
DELIVERED_OWNER	Dirty 30 Excavating & Trucking LLC	Des Moines	
DELIVERED_OWNER	Holzworth Concrete Construction LLC	West Des Moines	https://www.holzworthconcrete.com/
DELIVERED_OWNER	Grimm Concrete Services, Inc.	Johnston	https://grimmconcreteservices.com/
DELIVERED_OWNER	Top Gun Contractors Of Grimes	Grimes	https://www.tgcofgrimes.com/
DELIVERED_OWNER	True Construction Services	Des Moines	https://trueconstructiondsm.com/
DELIVERED_OWNER	A New Look Exteriors	Clive	http://www.anewlook.net/
DELIVERED_OWNER	FE Remodeling LLC	Clive	https://www.feremodeling.com/
DELIVERED_OWNER	Bryan Companies	Urbandale	https://trustbryan.com/
DELIVERED_OWNER	Patterson Homes & Remodeling	Grimes	https://www.pattersonhomesdsm.com/
DELIVERED_OWNER	The Restoration Company, LLC	West Des Moines	https://www.therestorationcompanies.com/
DELIVERED_OWNER	MacPro Restore	West Des Moines	https://www.macprorestore.com/
DELIVERED_OWNER	MPT Plumbing LLC	Urbandale	https://mptplumbing.com/
DELIVERED_OWNER	Nico Construction LLC	Cumming	https://www.nicoconstructioniowa.com/
DELIVERED_OWNER	Construction by Cambron	Indianola	https://www.constructionbycambron.com/
DELIVERED_OWNER	JB Roofing	Ankeny	https://www.jbroofingiowa.com/
DELIVERED_OWNER	Hibbs Excavating & Grading	Carlisle	https://www.hibbsexcavating.com/
DELIVERED_OWNER	Johnston Development Company	Altoona	http://www.johnstondevelopment.com/
DELIVERED_OWNER	Dry Duck Basement Waterproofing, LLC	Des Moines	https://www.dryduckbasements.com/
DELIVERED_OWNER	J P Welding LLC	Des Moines	
DELIVERED_OWNER	Add A Tool LTD	Des Moines	
DELIVERED_OWNER	J.D. Welding & Machine	Altoona	https://www.jdwelds.com/
PRIOR_SIGNAL	Manatt's, Inc.	Brooklyn	https://www.manatts.com/
PRIOR_SIGNAL	Beal Derkenne Construction	Des Moines	
PRIOR_SIGNAL	Haverkamp Group	Ames	https://www.haverkampgroup.com/
PRIOR_SIGNAL	Strahan Construction	Ankeny	https://www.strahanconstruction.com/
PRIOR_SIGNAL	Sage Homes	Ankeny	https://www.sagehomesiowa.com/
PRIOR_SIGNAL	Bella Homes of Iowa	Huxley	https://www.bellahomesiowa.com/
PRIOR_SIGNAL	A.J. Allen Mechanical Contractors, Inc.	Des Moines	
PRIOR_SIGNAL	Elder Corporation	Des Moines	
PRIOR_SIGNAL	Grimes Asphalt & Paving Corporation	Des Moines	
PRIOR_SIGNAL	Heart of America Group	Des Moines	
PRIOR_SIGNAL	Herberger Construction Company, Inc.	Indianola	
PRIOR_SIGNAL	I-80 Concrete	Clive	
PRIOR_SIGNAL	Keen Project Solutions	Ankeny	
PRIOR_SIGNAL	SJC Construction	Waukee	
PRIOR_SIGNAL	Stanbrough Realty Company	Urbandale	
PRIOR_SIGNAL	The Waldinger Corporation	Des Moines	
PRIOR_SIGNAL	Walk Your Plans	Grimes	
PRIOR_SIGNAL	Downing Construction	Indianola	
PRIOR_SIGNAL	Baker Group	Ankeny	https://www.thebakergroup.com/
PRIOR_SIGNAL	Story Construction	Ames	
PRIOR_SIGNAL	Metro Heating & Cooling	Des Moines	
PRIOR_SIGNAL	Dorrian Heating & Cooling	Waukee	
PRIOR_SIGNAL	Heartland Heating & Cooling	Grimes	
PRIOR_SIGNAL	Swan Creek Cabinetry	Boone	
PRIOR_SIGNAL	Clow Valve	Oskaloosa	
PRIOR_SIGNAL	United Contractors, Inc.	Johnston	https://www.unitedcontractors.net/
PRIOR_SIGNAL	Excel Mechanical	Des Moines	https://excelmechanical.us/
PRIOR_SIGNAL	Vermeer Corporation	Pella	https://www.vermeer.com/
PRIOR_SIGNAL	Accumold	Ankeny	https://www.accu-mold.com/
PRIOR_SIGNAL	Jerry's Homes Inc.	West Des Moines	https://www.jerryshomes.com/
PRIOR_SIGNAL	Greenland Homes Inc.	Granger	
PRIOR_SIGNAL	Romare Homes II LLC	Ankeny	
PRIOR_SIGNAL	Genesis Homes Inc.	Johnston	
PRIOR_SIGNAL	Black Birch Homes and Design	Ankeny	https://blackbirchhomes.com/
PRIOR_SIGNAL	Prairieland Homes	Ames	https://prairielandhomes.com/
PRIOR_SIGNAL	Next Phase Development LLC	West Des Moines	
PRIOR_SIGNAL	Cemen Tech	Indianola	https://cementech.com/
PRIOR_SIGNAL	Electrical Power Products	Des Moines	
PRIOR_SIGNAL	Diligent Development	West Des Moines	
PRIOR_SIGNAL	D.R. Horton	Ankeny	
PRIOR_SIGNAL	Origin Homes	West Des Moines	
