company,canonical_website,city,state,trade,owner_name,owner_title,ownership_source_url,ownership_excerpt,business_phone,business_email,signal_type,event,event_date,date_precision,publication_date,signal_source_url,signal_source_title,evidence_excerpt,event_status,researched_date,why_exit_factor,personalized_opener,confidence,review_notes,baseline_duplicate_check,rank
Kimberley Development Corporation,https://kimdev.com/,Ankeny,IA,Custom home building,Bill Kimberley,President + Owner,https://kimdev.com/about/,"The Kimberley Family: Bill Kimberley, President + Owner; Jenna Kimberley, CEO.",(515) 963-8335,info@kimdev.com,owner_operations_comment,"In the Business Record Best of Des Moines 2026 Q&A, owner Bill Kimberley said the metro needs affordable housing and construction laborers who know how to build it. In the same published Q&A he said the company is using its land holdings to expand into land development for other national home builders.",2026-09-18,day,2026-09-18,https://www.businessrecord.com/best-of-des-moines-2026-learn-about-this-years-winners/,Best of Des Moines 2026: Learn about this year's winners,"Bill Kimberley, owner, Kimberley Development: ""The Des Moines metro needs affordable housing, and it needs construction laborers who know how to build it. Those two shortages are intertwined with each other, and resolving them should be a long-term focus for our business community."" Same article, same byline date: ""While high-end custom home building in the Des Moines market remains our top priority, Kimberley Development is also using our large land holdings to expand into becoming a land developer for other large national home builders.""",ongoing,2026-10-01,Inference only: an owner-led Ankeny home builder is publicly describing a labor constraint on the work and a current expansion from custom building into land development. That is a growth and operating-system conversation. It is not a statement that the company intends to be sold.,"Bill, in the Business Record Q&A published September 18, 2026, you said the Des Moines metro needs construction laborers who know how to build, and that Kimberley Development is using its land holdings to expand into land development for other national builders.",high,"Second review opened the Business Record article and kimdev.com/about. The article byline is Emily Barske Wood, Sep 18, 2026, and the quotes are attributed to Bill Kimberley, owner. The about page lists Bill Kimberley, President + Owner. Contact page prints 515.963.8335 and info@kimdev.com. A separate quote in the same article says his daughter Jenna Kimberley is CEO; that is noted and is not treated as a dated handoff by itself. Not in baseline_excluded.tsv.",PASS,1
"Golden Rule Plumbing, Heating, Cooling and Electrical",https://goldenrulephc.com/,Des Moines,IA,"Plumbing, HVAC, and electrical",Mark Paup,Owner,https://profitandgrit.com/podcast_episode/trades-owner-track-mark-paup/,"Mark Paup: ""I own and operate Golden Rule Plumbing, Heating, and Cooling, and Electrical in Des Moines, Iowa.""",(515) 393-4526,,owner_operations_comment,"On the Profit & Grit episode published May 12, 2026, owner Mark Paup described the weekly operating numbers he runs, including a 52 percent gross-profit goal that includes direct labor and the Nexstar big five expense buckets.",2026-05-12,day,2026-05-12,https://profitandgrit.com/podcast_episode/trades-owner-track-mark-paup/,The Big Five Numbers Every Trades Owner Should Track – Mark Paup,"Mark Paup said the 52 percent gross-profit goal is ""all burdened"" and includes direct labor, materials, and commissions. He also said Nexstar's big five cover marketing, vehicle spend, overhead salaries, materials, and direct labor, and that those five are about 65 percent of total expenses. Episode date May 12, 2026 is printed on the Castro page for this episode title, Profit & Grit episode 63.",completed,2026-10-01,Inference only: the owner of a Des Moines multi-trade contractor is publicly walking through gross-profit and direct-labor targets he uses to run the company. That is an operating-system conversation. It is not a statement that the company intends to be sold.,"Mark, on the May 12, 2026 Profit & Grit episode you described running Golden Rule on a 52 percent gross-profit goal that includes direct labor, and on Nexstar's big five expense buckets.",high,"Transcript on profitandgrit.com was opened. Ownership sentence is in Mark Paup's own words and names Des Moines, with other locations in Omaha and Salt Lake City. The host's revenue figure is not stored. The episode page metadata has og:updated_time 2026-09-26; the publication day used here is the May 12, 2026 date on https://castro.fm/episode/J2Aczn for the same episode title. Homepage call button is tel:5153934526. No business email was printed on the pages opened. Not in baseline_excluded.tsv.",PASS,2
CTI Ready Mix,https://www.cti-ia.com/,Grimes,IA,Ready-mix concrete,Brad Baumler,Owner,https://www.storycountyiowa.gov/AgendaCenter/ViewFile/Item/34216?fileID=27718,"Brad Baumler, Owner of CTI Ready Mix, stated that he owns the business and plans on being on the site.",(515) 252-1650,,capacity_or_fleet,"At the Story County Planning and Zoning Commission hearing on October 1, 2025, owner Brad Baumler described a proposed CTI Ready Mix concrete plant as a new four-million-dollar facility. The commission approved conditional use permit CUP25-000012.",2025-10-01,day,2025-10-01,https://www.storycountyiowa.gov/AgendaCenter/ViewFile/Item/34216?fileID=27718,"Story County Planning and Zoning Commission Minutes, October 1, 2025","Minutes dated 10-01-2025. ""Brad Baumler, Owner of CTI Ready Mix, stated that CTI would want to use the facility as long as they can."" ""Baumler stated this is a new plant and four-million-dollar facility."" Motion on CUP25-000012 passed. A linked file is titled CTI READY MIX - AMES - SWPPP - 2025-08-01. The minutes do not say the plant is built or open.",announcement,2026-10-01,Inference only: an owner-led ready-mix company based in Grimes has a county-approved plan for a new plant serving the corridor between the Des Moines metro and Story County. That is a capacity investment. It is not a statement that the company intends to be sold.,"Brad, the October 1, 2025 Story County planning minutes record you, as owner of CTI Ready Mix, describing the proposed plant as a new four-million-dollar facility, and the commission approved the permit.",high,"Minutes PDF text was opened. Office phone and Grimes street are on https://www.cti-ia.com/contact: (515) 252-1650 and 1001 SE 37th Street, Grimes. Dispatch number (515) 276-9567 was not stored. No business email was printed. Company office is Grimes; the hearing is Story County and the staff file name references Ames. His comment that family members want to keep running the site is not treated as a retirement or sale plan. Not the same company as baseline Cemen Tech. Exact name CTI Ready Mix is not in baseline_excluded.tsv.",PASS,3
King Construction,https://kingconstructioniowa.com/,Ankeny,IA,"Commercial general contracting, concrete, and steel",Lincoln Sharar and Lance Sharar,Co-owner,https://kingconstructioniowa.com/about-us/,"Lincoln Sharar, Co-owner. In 1996, he and his brother, Lance, acquired King Construction and Overhead Door in Iowa Falls. Since then, they have successfully expanded their operations to Clear Lake, Cedar Rapids, and most recently, Ankeny. Lance Sharar is also labeled Co-owner on the same page.",(515) 416-4257,sales@kingconstruction.biz,new_branch,"The Ankeny Area Chamber listed a ribbon cutting for King Construction on June 6, 2025 at 704 SW Des Moines St, Ankeny. The company about page says the co-owners expanded operations most recently to Ankeny.",2025-06-06,day,,https://ankenyiacoc.wliinc1.com/mobile/eventDetail.aspx?EventID=7504,"Ribbon Cutting, King Construction, Ankeny Area Chamber","Chamber event page: Ribbon Cutting, Date 6/6/2025, 12:00 Noon - 12:30 PM, King Construction, 704 SW Des Moines St, Ankeny, IA 50023, phone (515) 416-4257, Public Event, Event is Closed. About page: expanded operations to Clear Lake, Cedar Rapids, and most recently, Ankeny.",completed,2026-10-01,"Inference only: the co-owners have added an Ankeny location on top of the company's other Iowa shops, so the Greater Des Moines office is a newer operating layer. It is not a statement that the company intends to be sold.","Lincoln, the Ankeny chamber lists a June 6, 2025 ribbon cutting for King Construction at 704 SW Des Moines St, and the company page says you and Lance Sharar expanded operations most recently to Ankeny.",high,"About page and chamber event page were both opened. Lincoln Sharar and Lance Sharar are each labeled Co-owner. Lance's bio says they bought the company in 1996 and that he works with the general managers at four locations; it does not name the Ankeny general manager, so no GM name is used. The chamber page does not itself say the word expansion. The Ankeny phone is the number printed on the chamber listing. The site header also prints (800) 474-7974 and sales@kingconstruction.biz. Cedar Rapids, Clear Lake, and Iowa Falls are other locations; this row is the Ankeny branch. Kingdom Tree Service is a different baseline company. King Construction is not in baseline_excluded.tsv.",PASS,4
All Star Concrete,https://allstarconcreteiowa.com/,Ankeny,IA,Concrete,,,https://members.agcia.org/active-member-directory/Details/all-star-concrete-llc-2483544,"AGC of Iowa directory lists Alex Vazquez as President of All Star Concrete, LLC. President is not an ownership title.",(515) 224-6394,,expansion_facility,"Facebook and Instagram snippets say the Vazquez family broke ground on a future headquarters. The company contact page prints 3219 SE 36th Circle, Ankeny.",2025-06-02,day,,https://www.facebook.com/allstarconcreteIA/,All Star Concrete Facebook snippet,"Search snippet, not a fully opened post: ""Jun 2, 2025. The All Star Concrete team and the Vazquez family are super excited to announce that today we broke ground.""",announcement,2026-10-01,,,low,"REJECTED from the accepted file. Groundbreaking is only in a search snippet; the Facebook and Instagram pages returned 403 or were not opened in full. Alex Vazquez is titled President on the AGC directory and LinkedIn, not Owner. About page does not name an owner. Contact page phone (515) 224-6394 and Ankeny street were opened. Do not treat President as current ownership.",PASS,
BIG Roofing,https://www.bigroofingllc.com/,Des Moines,IA,Roofing,,,,,(515) 355-8969,steve@bigroofingllc.com,new_branch,Ankeny Area Chamber Facebook posts congratulate BIG Roofing on a ribbon cutting. No date or expansion wording was opened.,,,,https://www.facebook.com/AnkenyAreaChamber/posts/big-congratulations-to-the-entire-big-roofing-team-on-their-recent-ribbon-cuttin/1434231462084982/,Ankeny Area Chamber Facebook post,"Contact page opened: 5751 NE 22nd St, Suite 304, Des Moines, IA 50313, 515-355-8969, steve@bigroofingllc.com and tj@bigroofingllc.com. No owner name on the homepage or contact page.",,2026-10-01,,,low,"REJECTED from the accepted file. Ribbon cutting is real as a chamber post, but no event date and no current owner name were on the pages opened. A second Lincoln, Nebraska address is also printed. tj@bigroofingllc.com is a second published address and was not stored as the primary email.",PASS,
"Holt Plumbing, Heating, Cooling, & Electrical",https://holtplumbingandheating.com/,Des Moines,IA,Plumbing and HVAC,,,,,,,new_management,West Des Moines Chamber Facebook post invites people to a ribbon cutting and names General Manager David Rodriguez. The company history page does not give Rodriguez an owner title.,,,,https://www.facebook.com/WDMChamber/posts/please-join-us-in-celebrating-the-ribbon-cutting-for-holt-plumbing-heating-inc-i/1095617755927201/,West Des Moines Chamber Facebook post,"History page opened: founded by John F. Holt and Edith Holt; later Lynn and Dixie Holt; Ben, Amanda, and Josh work in the business. No current Owner title. No ribbon date on a page that was fully opened.",,2026-10-01,,,low,REJECTED from the accepted file. A general manager speaking at a ribbon cutting is not ownership. Family members working in the business are not titled Owner on the history page. The 2012 headquarters move is outside the 24-month window.,PASS,
Reese Design + Build,https://reesebuilders.com/,Des Moines,IA,Home remodeling,Luke Reese,Owner,https://reesebuilders.com/about-us/,Luke is the owner of Reese Design + Build and has been in the construction industry for over 26 years.,,,new_branch,Ankeny Area Chamber video is titled Ribbon Cutting - Reese Builders. The opened pages do not say the ribbon was a new location or expansion.,,,,https://www.facebook.com/AnkenyAreaChamber/videos/ribbon-cutting-reese-builders/610493514912792/,Ribbon Cutting - Reese Builders,"About page opened and states Luke Reese is the owner. Facebook search snippet shows Jan 31, 2025 next to the video title. The video page itself was not fully opened, and no expansion sentence was found.",,2026-10-01,,,low,"REJECTED from the accepted file. Ownership is verified. A chamber ribbon without a dated expansion, relocation, or management change is not a qualifying signal. Years in the trade are not a signal. Not the same company as baseline The Tree Service.",PASS,
Titan Roofing and Exteriors,https://titanroofingandexteriors.com/,Grimes,IA,Roofing,,,,,,,new_branch,"Ames Regional Economic Alliance held a March 11, 2025 ribbon cutting to celebrate Titan Roofing and Exteriors joining the Alliance. The event page does not describe a new facility.",2025-03-11,day,2025-03-11,https://amesalliance.com/upcoming-event/ribbon-cutting-titan-roofing-and-exteriors/,Ribbon Cutting: Titan Roofing & Exteriors,"Event page: ""celebrate our new member, Titan Roofing and Exteriors, with a ribbon cutting for joining the Alliance."" Date Mar 11, 2025. Location printed is 304 Main St, the Alliance office, not a company shop.",completed,2026-10-01,,,low,REJECTED from the accepted file. Chamber-membership ribbon is not an expansion. About page was opened and does not name a current owner. A directory snippet naming Michael Minard as owner was not used.,PASS,
Kline Electric,,Des Moines,IA,Plumbing and electrical,,,,,,,new_branch,A Facebook video snippet says the plumbing team moved from Waukee to Des Moines and mentions a new location.,2026-08-12,day,,https://www.facebook.com/klineelectric/videos/the-plumbing-team-has-officially-moved-from-waukee-to-des-moines-we-are-excited-/1048453464786861/,Kline Electric Facebook video,"Search snippet only: ""The plumbing team has officially moved from Waukee to Des Moines"" and a date of Aug 12, 2026. The video page was not opened. No owner page was found.",announcement,2026-10-01,,,low,"REJECTED from the accepted file. Possible relocation signal, but the only source in hand is a search snippet, with no current full-name owner and no official company page opened.",PASS,
Woodruff Construction,,Ames,IA,General contracting,,,,,,,new_branch,Ames Regional Economic Alliance ribbon cutting for a location at 2521 Bailey Ave. The post says the company is 100 percent employee-owned.,,,,https://www.facebook.com/AmesRegionalEconomicAlliance/videos/today-we-are-with-woodruff-construction-for-a-ribbon-cutting-to-celebrate-their-/1864966624212489/,,,,2026-10-01,,,high,EXCLUDED. Employee-owned company. No individual current owner. New office is not an exit-planning opportunity under this gate.,PASS,
City of Des Moines,,Des Moines,IA,,,,,,,,expansion_facility,"Ribbon cutting for T.M. Franklin Cownie City Hall on February 9, 2026.",2026-02-09,day,,https://www.dsm.city/news_detail_T21_R449.php,,,,2026-10-01,,,high,"EXCLUDED. Government facility, not a private blue-collar company.",PASS,
DCI Group,,Iowa City,IA,Construction management,,,,,,,new_branch,"Grand opening of a new Iowa City location listed for April 21, 2026.",2026-04-21,day,,https://member.greateriowacity.com/ap/Events/Register/VeFAvYmUNCeC9,,,,2026-10-01,,,high,EXCLUDED. Iowa City is outside Greater Des Moines and the nearby Central Iowa cities used for this file.,PASS,
Flynn Group of Companies,https://flynncompanies.com/,Des Moines,IA,Commercial roofing,,,,,,,new_branch,"Company announcement of a new Des Moines commercial roofing office of more than 10,000 square feet. Day-to-day oversight is assigned to Roofing Operations Manager Mike Pierce. Quote is from Kansas City branch manager Bob Livingston.",,,,https://flynncompanies.com/flynn-establishes-new-office-des-moines/,Flynn Establishes New Office in Des Moines,Page opened. No local owner is named. Managers named are Mike Pierce and Bob Livingston.,,2026-10-01,,,high,"EXCLUDED. Multi-city corporate office opening. Named people are managers, not owners. A sale or corporate branch that does not leave an independent local owner is not the target.",PASS,
Ampacity LLC,https://www.ampacity.com/,Des Moines,IA,Electrical materials distribution,,,,,,,expansion_facility,"Ribbon cutting November 19, 2025 for a 300,000-square-foot distribution center in Des Moines. Speakers include President Eben Russell and CFO Crosby Fish.",2025-11-19,day,2025-11-19,https://www.ampacity.com/ampacity-hosts-ribbon-cutting-distribution-center-des-moines-iowa/,,,,2026-10-01,,,high,"EXCLUDED. Distribution warehouse for power-infrastructure materials, not a field crew. President is not an ownership title.",PASS,
Electrical Power Products,,Des Moines,IA,Electrical manufacturing,,,,,,,expansion_facility,"Business Record, July 17, 2026: $2 million BIG tax credit and a stated $42 million, about 420,000-square-foot Des Moines campus expansion.",2026-07-17,day,2026-07-17,https://www.businessrecord.com/des-moines-electrical-manufacturer-expansion-receives-2m-in-state-tax-credits/,,,,2026-10-01,,,high,"EXCLUDED as a baseline duplicate. Electrical Power Products is already in baseline_excluded.tsv as a prior signal. The 2026 article was opened and is real, but it is not a new company.",FAIL,
BB Roofing,,Ankeny,IA,Roofing,,,,,,,new_branch,Company blog says BB Roofing is adding a location in Des Moines. Ankeny chamber also has a ribbon-cutting video.,,,,https://www.bbroofing.com/category/des-moines-iowa-roofing/,,,,2026-10-01,,,high,EXCLUDED. BB Roofing and owner Blaine Brown are already in the delivered 63-row owner file.,FAIL,
Baker Group,,Ankeny,IA,Mechanical,,,,,,,new_management,"2016 Des Moines Register story about a move to Ankeny, and a 2023 Mechanical Contractor of the Year article.",,,,https://www.desmoinesregister.com/story/money/business/development/2016/05/16/baker-group-move-480-jobs-ankeny-build-22m-plant/84467260/,,,,2026-10-01,,,high,EXCLUDED. Already in the prior-signal baseline. Employee-owned. The 2016 move is outside 24 months.,FAIL,
The Waldinger Corporation,,Des Moines,IA,Mechanical,,,,,,,acquisition_by_company,"May 15, 2025 announcement that Waldinger acquired Project Design and Piping in Fort Wayne, Indiana.",2025-05-15,day,,https://www.waldinger.com/about/news/the-waldinger-corporation-acquires-project-design-and-piping-inc-in-fort-wayne-indiana,,,,2026-10-01,,,high,"EXCLUDED. Waldinger is already a prior-signal baseline company. The acquired firm is in Fort Wayne, not Greater Des Moines.",FAIL,
ABC Electric / Tri-City Electric,,Des Moines,IA,Electrical,,,,,,,acquisition_by_company,"Business Record archive story dated February 9, 2003: Tri-City Electric purchased ABC Electric.",2003-02-09,day,2003-02-09,https://www.businessrecord.com/abc-electric-merges-with-tri-city-electric-to-spark-growth-2/,,,,2026-10-01,,,high,"EXCLUDED. Sale removed the independent local firm, and the article is from 2003.",PASS,
Cyclone Contracting,https://www.cyclonecontracting.com/,Ames,IA,Home remodeling,,,,,,,,"Ames Alliance ribbon cutting on May 7, 2026 at 215 Alexander Ave for the company's 30th anniversary and for joining the Alliance.",2026-05-07,day,,https://amesalliance.com/upcoming-event/ribbon-cutting-cyclone-contracting-and-brackets/,,,,2026-10-01,,,high,"EXCLUDED. The event page describes an anniversary and chamber membership, not a new facility, acquisition, or management change. Years in business are not a signal.",PASS,
Harold Pike Construction,https://www.haroldpikeconstruction.com/,Ames,IA,Commercial construction,,,,,,,,"Ames Alliance ribbon cutting on October 16, 2025 at 120 Sherman Ave for a 50th anniversary.",2025-10-16,day,,https://amesalliance.com/upcoming-event/ribbon-cutting-harold-pike-construction/,,,,2026-10-01,,,high,EXCLUDED. Anniversary ribbon only. Team page snippets name a founder and other people without a current owner title on a page opened for this pass.,PASS,
AU Solutions,,Newton,IA,Agricultural chemical products,,,,,,,expansion_facility,"Business Record, June 19, 2026: BIG tax credits for a new facility in Newton. The company makes chemical products for agriculture.",2026-06-19,day,2026-06-19,https://www.businessrecord.com/ieda-announces-tax-credits-for-expansion-projects-in-independence-and-newton/,,,,2026-10-01,,,high,EXCLUDED. Not a blue-collar field trade. No individual owner in the article.,PASS,
Geater Machine and Manufacturing Co.,,Independence,IA,Machining,,,,,,,expansion_facility,"Same July 17, 2026 Business Record article: 30,000-square-foot expansion of an Independence facility.",2026-07-17,day,,https://www.businessrecord.com/des-moines-electrical-manufacturer-expansion-receives-2m-in-state-tax-credits/,,,,2026-10-01,,,high,EXCLUDED. Independence is outside Greater Des Moines and the nearby Central Iowa cities used here.,PASS,
Jarrell Mechanical Contractors,,St. Louis,MO,Mechanical,,,,,,,acquisition_by_company,"Jarrell, based in St. Louis, announced an acquisition of H&A Mechanical Services.",,,,https://www.jarrellcontracting.com/11-01-23-ha-mechanical-acquisition.html,,,,2026-10-01,,,high,"EXCLUDED. Company is in Missouri, outside the geography.",PASS,
Septagon Construction,,Grimes,IA,General contracting,,,,,,,new_management,"Business Record, April 29, 2026: Bryan Bielfelt named construction manager at the Grimes office. Brad Leonard is quoted as president of the Grimes division.",2026-04-29,day,2026-04-29,https://www.businessrecord.com/septagon-names-new-construction-manager-at-grimes-office/,,,,2026-10-01,,,high,EXCLUDED. Article says Septagon has offices throughout Missouri and Iowa. No current owner is named. A construction-manager hire at a multi-state firm is not an owner-led local management handoff.,PASS,
R3 Recover Restore Rebuild,,Des Moines,IA,Roofing,,,,,,,new_management,Hello Iowa segment features Des Moines General Manager Jared Harrison.,,,,https://www.facebook.com/RecoverRestoreRebuild/videos/r3-video-of-the-day-4622/500873871635633/,,,,2026-10-01,,,medium,"EXCLUDED. Named person is a general manager, not an owner. The segment described in the snippet is a roof inspection, not an expansion or ownership event.",PASS,
Turner Construction Company,,Des Moines,IA,General contracting,,,,,,,,National firm location page lists Des Moines managers.,,,,https://www.turnerconstruction.com/locations/des-moines,,,,2026-10-01,,,high,"EXCLUDED. National contractor branch, not an independent local owner.",PASS,
Commonwealth Electric Company of the Midwest,,Des Moines,IA,Electrical,,,,,,,,"Company news page for the Des Moines office, including an internship item.",,,,https://commonwealthelectric.com/category/des-moines/,,,,2026-10-01,,,medium,EXCLUDED. Regional corporate branch. No local owner identified.,PASS,
ABC Supply Co. Inc.,,Tiffin,IA,Roofing supply,,,,,,,new_branch,"New supply branch in Tiffin, Iowa.",,,,https://www.roofingcontractor.com/articles/96967-abc-supply-co-inc-opens-location-in-tiffin-iowa,,,,2026-10-01,,,high,"EXCLUDED. National supplier, not a field contractor, and Tiffin is outside Greater Des Moines.",PASS,
Avsten Roofing & Construction,,Hamilton,OH,Roofing,,,,,,,expansion_facility,Greater Hamilton Chamber post about a ribbon cutting and expansion.,,,,https://www.facebook.com/GreaterHamiltonChamber/posts/congratulations-to-avsten-roofing-construction-on-their-ribbon-cutting-and-expan/1531503925654298/,,,,2026-10-01,,,high,"EXCLUDED. Hamilton, Ohio company. The Ankeny video suggestions that mentioned this name are not a local business.",PASS,
RecPlex,,West Des Moines,IA,,,,,,,,expansion_facility,Public recreation-facility expansion covered by Business Record and KCCI.,,,,https://www.businessrecord.com/plans-underway-to-expand-recplex-in-west-des-moines/,,,,2026-10-01,,,high,"EXCLUDED. Public facility, not a private contractor.",PASS,
