entity_id,legal_name,dbas,status,chapter,formation_date,formation_date_basis,principal_city,principal_state,principal_zip,operating_county,county_basis,registered_agent_name,trade_hint,trade_confirmed,trade_source,domain,in_baseline,cohort_pass,cohort_fail_reasons,snapshot_sha256,source_url
753682,KING CONSTRUCTION AND HOME REPAIR LLC,,Active,CODE 489 DOMESTIC LIMITED LIABILITY COMPANY,2023-06-15,FT0273065 CERTIFICATE OF ORGANIZATION,Ottumwa,IA,52501,,outside_or_unlisted,ERIC ORION KING,,no,,,no,no,formation_year_2023_outside_1985_2005;operating_county_outside_or_unlisted;trade_not_confirmed_from_non_sos_source,0f9f7374640c1d27cb86e668ac20bc31fbb1ea94586845f883ecf650ea6dede0,https://sos.iowa.gov/search/business/Search.aspx
694761,10G HEATING COOLING PLUMBING LLC,,Active,CODE 489 DOMESTIC LIMITED LIABILITY COMPANY,2021-12-15,FT0156651 CERTIFICATE OF ORGANIZATION,Elkhart,IA,50073,Polk,unique_city,REBECCA PETERSON,,no,,,no,no,formation_year_2021_outside_1985_2005;trade_not_confirmed_from_non_sos_source,47aee382d8d7d8d6fcc0e442edd8744b994482abee853bf7f1f47e9e66d70620,https://sos.iowa.gov/search/business/Search.aspx
766890,"1ST CHOICE PLUMBING AND HEATING, LLC",,Active,CODE 489 DOMESTIC LIMITED LIABILITY COMPANY,2023-10-24,FT0298443 CERTIFICATE OF ORGANIZATION,Halbur,IA,51444,,outside_or_unlisted,A. ERIC NEU,,no,,,no,no,formation_year_2023_outside_1985_2005;operating_county_outside_or_unlisted;trade_not_confirmed_from_non_sos_source,f99849a69f88e3fd68b6b198d9d7c9ec5421ca2c79c2293ccd6dc5b5396d914d,https://sos.iowa.gov/search/business/Search.aspx
647854,"1ST PLUMBING & HEATING, LLC",,Active,CODE 489 DOMESTIC LIMITED LIABILITY COMPANY,2020-11-12,FT0080573 CERTIFICATE OF ORGANIZATION,Algona,IA,50511,,outside_or_unlisted,JENNIFER HARRINGTON,,no,,,no,no,formation_year_2020_outside_1985_2005;operating_county_outside_or_unlisted;trade_not_confirmed_from_non_sos_source,2b4a8251d60f163b917a466a955074ff5d6960917f8ec02ea0ce0140d4c9bae2,https://sos.iowa.gov/search/business/Search.aspx
817488,3D PLUMBING LLC,,Active,CODE 489 DOMESTIC LIMITED LIABILITY COMPANY,2025-02-13,FT0403666 CERTIFICATE OF ORGANIZATION,Desmoines,IA,50317,Polk,city_spelling_desmoines,NORTHWEST REGISTERED AGENT LLC,,no,,,no,no,formation_year_2025_outside_1985_2005;trade_not_confirmed_from_non_sos_source,6c6af9f2bee6fbc1359930d0a519dd17ac832620e176a7e373ec5d38ec671a22,https://sos.iowa.gov/search/business/Search.aspx
782958,44 MAG PLUMBING LLC,,Active,CODE 489 DOMESTIC LIMITED LIABILITY COMPANY,2024-03-27,FT0336078 CERTIFICATE OF ORGANIZATION,Council Bluffs,IA,51501,,outside_or_unlisted,DEAN T. JENNINGS,,no,,,no,no,formation_year_2024_outside_1985_2005;operating_county_outside_or_unlisted;trade_not_confirmed_from_non_sos_source,ffc1137a5e27fe9bf87dbcd5440a9c90f184095d0840759b3d56dc4fa4db3422,https://sos.iowa.gov/search/business/Search.aspx
644431,"4 SEASONS PLUMBING HEATING COOLING, L.L.C.",,Active,CODE 489 DOMESTIC LIMITED LIABILITY COMPANY,2020-10-13,FT0076668 CERTIFICATE OF ORGANIZATION,Alta,IA,51002,,outside_or_unlisted,CHRIS LARISON,,no,,,no,no,formation_year_2020_outside_1985_2005;operating_county_outside_or_unlisted;trade_not_confirmed_from_non_sos_source,77586c145b35bb8961d0a48cf283fec1ffc0c8054a225b2c78abdec6136e3985,https://sos.iowa.gov/search/business/Search.aspx
796276,A+ PLUMBING SOLUTIONS LLC,,Active,CODE 489 DOMESTIC LIMITED LIABILITY COMPANY,2024-07-22,FT0358038 CERTIFICATE OF ORGANIZATION,Sergeant Bluff,IA,51054,,outside_or_unlisted,"UNITED STATES CORPORATION AGENTS, INC.",,no,,,no,no,formation_year_2024_outside_1985_2005;operating_county_outside_or_unlisted;trade_not_confirmed_from_non_sos_source,762e01327abbbf29f901f071b1ed7181f1f29b0630ae6d1849453d09054c75e9,https://sos.iowa.gov/search/business/Search.aspx
799840,3C ROOFING & CONSTRUCTION LLC,,Active,CODE 489 DOMESTIC LIMITED LIABILITY COMPANY,2024-08-27,FT0364343 CERTIFICATE OF ORGANIZATION,Schleswig,IA,51461,,outside_or_unlisted,BRENDAN DANIEL LEWIS ALLARD,,no,,,no,no,formation_year_2024_outside_1985_2005;operating_county_outside_or_unlisted;trade_not_confirmed_from_non_sos_source,69299c39840238f4d8fdedf1eb400c5c7736b6c89484e20a0c4cbff09b5c0313,https://sos.iowa.gov/search/business/Search.aspx
804400,3E ROOFING LLC,,Active,CODE 489 DOMESTIC LIMITED LIABILITY COMPANY,2024-10-10,FT0374425 CERTIFICATE OF ORGANIZATION,Sioux City,IA,51104,,outside_or_unlisted,ELIZABETH PAREDES,,no,,,no,no,formation_year_2024_outside_1985_2005;operating_county_outside_or_unlisted;trade_not_confirmed_from_non_sos_source,a05456cc82571050021225ac4778f87b7cb1fc0223bb0e97b549a41a2a85648d,https://sos.iowa.gov/search/business/Search.aspx
747177,4G ROOFING LLC,,Active,CODE 489 DOMESTIC LIMITED LIABILITY COMPANY,2023-04-17,FT0262085 CERTIFICATE OF ORGANIZATION,Des Moines,IA,50309,Polk,unique_city,"UNITED STATES CORPORATION AGENTS, INC.",,no,,,no,no,formation_year_2023_outside_1985_2005;trade_not_confirmed_from_non_sos_source,5c3e124b90c21a0321ca86dccc6eaa9b0a3411ff30bace8b7ab769dc43dbff0f,https://sos.iowa.gov/search/business/Search.aspx
786246,605 ROOFING AND CONTRACTING LLC,,Active,CODE 489 FOREIGN LIMITED LIABILITY COMPANY,,unknown,Waterloo,IA,50703,,outside_or_unlisted,REGISTERED AGENTS INC.,,no,,,no,no,formation_date_unknown;operating_county_outside_or_unlisted;trade_not_confirmed_from_non_sos_source,8d8e66cb451ccf6bd0c918bac859c4091b5d8e9703e629bd90fdf07f62d52003,https://sos.iowa.gov/search/business/Search.aspx
861921,A&A ROOFING SOLUTIONS LLC,,Active,CODE 489 DOMESTIC LIMITED LIABILITY COMPANY,2026-03-09,FT0514368 CERTIFICATE OF ORGANIZATION,Des Moines,IA,50313,Polk,unique_city,ARMANDO AVILA,,no,,,no,no,formation_year_2026_outside_1985_2005;trade_not_confirmed_from_non_sos_source,cd84450f8dc3ab699f5a1f96647ad4cff9ccfdd954529c90bff6e789d039fa0a,https://sos.iowa.gov/search/business/Search.aspx
689272,"A&B ROOFING & CONTRACTING, LLC",,Active,CODE 489 DOMESTIC LIMITED LIABILITY COMPANY,2021-10-25,FT0146745 CERTIFICATE OF ORGANIZATION,Burlington,IA,52601,,outside_or_unlisted,"INGHRAM LAW, PLLC",,no,,,no,no,formation_year_2021_outside_1985_2005;operating_county_outside_or_unlisted;trade_not_confirmed_from_non_sos_source,9eb797e4578fbfac546da89a2b8bf1bcec1035b2fb26283c06b12a77e7ed4f5b,https://sos.iowa.gov/search/business/Search.aspx
821652,A&J ROOFING LLC,,Active,CODE 489 DOMESTIC LIMITED LIABILITY COMPANY,2025-03-19,FT0415162 CERTIFICATE OF ORGANIZATION,Sioux City,IA,51103,,outside_or_unlisted,ALEJANDRO OROZCO,,no,,,no,no,formation_year_2025_outside_1985_2005;operating_county_outside_or_unlisted;trade_not_confirmed_from_non_sos_source,696f0a081da07b40f917730325f108ad700465ab0c92af72e29188314ec7feb0,https://sos.iowa.gov/search/business/Search.aspx
815373,A&N ROOFING & EXTERIORS LLC,,Active,CODE 489 DOMESTIC LIMITED LIABILITY COMPANY,2025-01-24,FT0397514 CERTIFICATE OF ORGANIZATION,Wilton,IA,52778,,outside_or_unlisted,"UNITED STATES CORPORATION AGENTS, INC.",,no,,,no,no,formation_year_2025_outside_1985_2005;operating_county_outside_or_unlisted;trade_not_confirmed_from_non_sos_source,f80fe9fe4b48538d47bb0035fe9cc191b0f0821ab36af07fb214d9127ebefcc9,https://sos.iowa.gov/search/business/Search.aspx
649809,515 CONCRETE FLOOR POLISHING LLC,,Active,CODE 489 DOMESTIC LIMITED LIABILITY COMPANY,2020-11-25,FT0082928 CERTIFICATE OF ORGANIZATION,Norwalk,IA,50211,Warren,unique_city,REPUBLIC REGISTERED AGENT LLC,,no,,,no,no,formation_year_2020_outside_1985_2005;trade_not_confirmed_from_non_sos_source,9a37ac9a9687545eae5f643ee871c9a5b1ec6d238a73394e0e096a68b55382cd,https://sos.iowa.gov/search/business/Search.aspx
416514,"515 DECORATIVE CONCRETE SUPPLY, L.L.C.",,Active,CODE 489 DOMESTIC LIMITED LIABILITY COMPANY,2011-05-05,W00735608 CERTIFICATE OF ORGANIZATION,Des Moines,IA,50313,Polk,unique_city,BRIAN L KERN,,no,,,no,no,formation_year_2011_outside_1985_2005;trade_not_confirmed_from_non_sos_source,c0cddc890ad1cb491157146707673bbff7e88222ef5c6149ad5d4fef043eb698,https://sos.iowa.gov/search/business/Search.aspx
673647,"A & A CONCRETE, LLC",,Active,CODE 489 DOMESTIC LIMITED LIABILITY COMPANY,2021-06-15,FT0122361 CERTIFICATE OF ORGANIZATION,Marshalltown,IA,50158,,outside_or_unlisted,ALFONSO MEDINA SANTILLAN,,no,,,no,no,formation_year_2021_outside_1985_2005;operating_county_outside_or_unlisted;trade_not_confirmed_from_non_sos_source,10bcc9041b4c971d0f3ce9fd229758c541326287149cbfa717960b311717da06,https://sos.iowa.gov/search/business/Search.aspx
569689,A & H CONCRETE POLISHING L.L.C.,,Active,CODE 489 DOMESTIC LIMITED LIABILITY COMPANY,2018-04-06,W01175053 CERTIFICATE OF ORGANIZATION,Fort Dodge,IA,50501,,outside_or_unlisted,CARTER ADEN,,no,,,no,no,formation_year_2018_outside_1985_2005;operating_county_outside_or_unlisted;trade_not_confirmed_from_non_sos_source,a9d26de4b48dde8208128f5bfca372b6ea8d69181110d079cb2abfa3dec06321,https://sos.iowa.gov/search/business/Search.aspx
777083,"A&J CONCRETE, LLC",,Active,CODE 489 DOMESTIC LIMITED LIABILITY COMPANY,2024-01-31,FT0323549 CERTIFICATE OF ORGANIZATION,Hampton,IA,50441,,outside_or_unlisted,ANGEL FLORES ROJAS,,no,,,no,no,formation_year_2024_outside_1985_2005;operating_county_outside_or_unlisted;trade_not_confirmed_from_non_sos_source,672ae762ac7a8b6f1806265b52e4fe729acc738a1c2dffdef57ba0e1dea94a73,https://sos.iowa.gov/search/business/Search.aspx
854774,A & J CONCRETE SOLUTION LLC,,Active,CODE 489 DOMESTIC LIMITED LIABILITY COMPANY,2026-01-12,FT0496863 CERTIFICATE OF ORGANIZATION,Pella,IA,50219,,outside_or_unlisted,REGISTERED AGENTS INC,,no,,,no,no,formation_year_2026_outside_1985_2005;operating_county_outside_or_unlisted;trade_not_confirmed_from_non_sos_source,7f0fe368ba1b5ff51a8ea8228675ff23b8f393771c8fc1ee618c4b5975fe2070,https://sos.iowa.gov/search/business/Search.aspx
861300,A&M CONCRETE LLC,,Active,CODE 489 DOMESTIC LIMITED LIABILITY COMPANY,2026-03-04,FT0513175 CERTIFICATE OF ORGANIZATION,Sloan,IA,51055,,outside_or_unlisted,REGISTERED AGENTS INC,,no,,,no,no,formation_year_2026_outside_1985_2005;operating_county_outside_or_unlisted;trade_not_confirmed_from_non_sos_source,328f68e2bb976a1b8ef1defcc8b2cbbea17d93dfb2c83cb2b915ded264f1d78d,https://sos.iowa.gov/search/business/Search.aspx
741013,A & R CONCRETE SEALING LLC,,Active,CODE 489 DOMESTIC LIMITED LIABILITY COMPANY,2023-02-24,FT0246243 CERTIFICATE OF ORGANIZATION,Clive,IA,50325,,split_city_unresolved,NATHAN REYNOLDS,,no,,,no,no,formation_year_2023_outside_1985_2005;operating_county_split_city_unresolved;trade_not_confirmed_from_non_sos_source,50dba416f667981627c4a0fea106353affd8dd189665ab1ee8dc7100b71efff7,https://sos.iowa.gov/search/business/Search.aspx
828902,"10 GRAND EXCAVATING, LLC",,Active,CODE 489 DOMESTIC LIMITED LIABILITY COMPANY,2025-05-21,FT0431010 CERTIFICATE OF ORGANIZATION,Farley,IA,52046,,outside_or_unlisted,KEITH P. GOERDT,,no,,,no,no,formation_year_2025_outside_1985_2005;operating_county_outside_or_unlisted;trade_not_confirmed_from_non_sos_source,6b1712adaad8bee22ac291ec7f4e872c9d9585ae5d595f7150ce06dd27c738be,https://sos.iowa.gov/search/business/Search.aspx
505073,"1776 EXCAVATING, L.L.C.",,Active,CODE 489 DOMESTIC LIMITED LIABILITY COMPANY,2015-07-24,W00984371 CERTIFICATE OF ORGANIZATION,Lewis,IA,51544,,outside_or_unlisted,COLTON ERICKSON,,no,,,no,no,formation_year_2015_outside_1985_2005;operating_county_outside_or_unlisted;trade_not_confirmed_from_non_sos_source,a28f35aa417071498eeea7d383f6c18d85aaebb5dea7f4d41013f225a4a24dc2,https://sos.iowa.gov/search/business/Search.aspx
370887,"DANIEL K. YODER EXCAVATING, LLC",,Active,CODE 489 DOMESTIC LIMITED LIABILITY COMPANY,2008-11-03,W00605017 ARTICLES OF ORGANIZATION,Wellman,IA,52356,,outside_or_unlisted,DANIEL K YODER,,no,,,no,no,formation_year_2008_outside_1985_2005;operating_county_outside_or_unlisted;trade_not_confirmed_from_non_sos_source,9beb2d23007d09ab1b2ef1f66927f216fa764da40291710649000c12f8b3936d,https://sos.iowa.gov/search/business/Search.aspx
727000,"3B EXCAVATING, LLC",,Active,CODE 489 DOMESTIC LIMITED LIABILITY COMPANY,2022-10-07,FT0215115 CERTIFICATE OF ORGANIZATION,Maxwell,IA,50161,,outside_or_unlisted,R. BRADLEY SKINNER,,no,,,no,no,formation_year_2022_outside_1985_2005;operating_county_outside_or_unlisted;trade_not_confirmed_from_non_sos_source,4ede07c3823a86fdcc07f56d0324a3d071cb38b0e07f4a6abbf59878e6adb88e,https://sos.iowa.gov/search/business/Search.aspx
544502,"3D EXCAVATING, LLC",,Active,CODE 489 DOMESTIC LIMITED LIABILITY COMPANY,2017-04-12,W01102034 CERTIFICATE OF ORGANIZATION,Des Moines,IA,50313,Polk,unique_city,KEVIN CUNNINGHAM,,no,,,no,no,formation_year_2017_outside_1985_2005;trade_not_confirmed_from_non_sos_source,f9542d3572644d1f37a93cbf0c4ac242bf5ca75c24f5f6b435bc95e4d684c5c7,https://sos.iowa.gov/search/business/Search.aspx
798340,"4M EXCAVATION & LAND IMPROVEMENT, LLC",,Active,CODE 489 DOMESTIC LIMITED LIABILITY COMPANY,2024-08-12,FT0361605 CERTIFICATE OF ORGANIZATION,Royal,IA,51357,,outside_or_unlisted,NATHAN M. MCLAURY,,no,,,no,no,formation_year_2024_outside_1985_2005;operating_county_outside_or_unlisted;trade_not_confirmed_from_non_sos_source,b343df6ced268c2179e2df9db4906c9cf2ee4063100050465796e5b95b07f305,https://sos.iowa.gov/search/business/Search.aspx
726538,"641 EXCAVATING, LLC",,Active,CODE 489 DOMESTIC LIMITED LIABILITY COMPANY,2022-10-04,FT0214396 CERTIFICATE OF ORGANIZATION,Pella,IA,50219,,outside_or_unlisted,JONATHON VANZEE,,no,,,no,no,formation_year_2022_outside_1985_2005;operating_county_outside_or_unlisted;trade_not_confirmed_from_non_sos_source,46447637c38ca70148a0ea485a5d79d18038f5aa38feb252fc5d1cd31d632d47,https://sos.iowa.gov/search/business/Search.aspx
831175,"6G EXCAVATION, LLC",,Active,CODE 489 DOMESTIC LIMITED LIABILITY COMPANY,2025-06-11,FT0445375 CERTIFICATE OF ORGANIZATION,Russell,IA,50238,,outside_or_unlisted,EUGENE PEDASOV,,no,,,no,no,formation_year_2025_outside_1985_2005;operating_county_outside_or_unlisted;trade_not_confirmed_from_non_sos_source,952523f1a9c5587172fd60cc82152fd0130bd03eaf4ba872d4cc77358d9cc317,https://sos.iowa.gov/search/business/Search.aspx
311938,"A & S EXCAVATING, LLC",,Active,CODE 489 DOMESTIC LIMITED LIABILITY COMPANY,2005-05-24,W00426550 ARTICLES OF ORGANIZATION,De Witt,IA,52742,,outside_or_unlisted,HEATH W SCHROEDER,,no,,,no,no,operating_county_outside_or_unlisted;trade_not_confirmed_from_non_sos_source,2afed679543aa238dcf2d93722c9d5b2842e58a102be3806914b6ed6fca579c8,https://sos.iowa.gov/search/business/Search.aspx
871579,A&S HIGH GRADE EXCAVATING LLC,,Active,CODE 489 DOMESTIC LIMITED LIABILITY COMPANY,2026-05-16,FT0538648 CERTIFICATE OF ORGANIZATION,Knoxville,IA,50138,,outside_or_unlisted,DEVIN STARMER,,no,,,no,no,formation_year_2026_outside_1985_2005;operating_county_outside_or_unlisted;trade_not_confirmed_from_non_sos_source,af06b0edb58b152ba2bd40ad42806ee2b7bddb81f1245e9689522c6deba7d733,https://sos.iowa.gov/search/business/Search.aspx
746806,"A-1 EXCAVATING, LLC",,Active,CODE 489 FOREIGN LIMITED LIABILITY COMPANY,,unknown,Coral Gables,FL,33134,,outside_or_unlisted,CORPORATION SERVICE COMPANY,,no,,,no,no,formation_date_unknown;operating_county_outside_or_unlisted;trade_not_confirmed_from_non_sos_source,dfe65dfae35f7534d4eed9a5b9c2a128ea334b80aae7210d80d1b7c2b1db016d,https://sos.iowa.gov/search/business/Search.aspx
381911,"AE EXCAVATING, LLC",,Active,CODE 489 DOMESTIC LIMITED LIABILITY COMPANY,2009-06-08,W00627681 CERTIFICATE OF ORGANIZATION,Runnells,IA,50237,Polk,unique_city,ALEXANDER M JOHNSON,,no,,,no,no,formation_year_2009_outside_1985_2005;trade_not_confirmed_from_non_sos_source,fb9d003fc639545b86b7f77f44282f62fdb59844cfa5ce5c68e4d7517cd7b922,https://sos.iowa.gov/search/business/Search.aspx
365844,"4 SEASONS HEATING AND COOLING, L.L.C.",,Active,CODE 489 DOMESTIC LIMITED LIABILITY COMPANY,2008-07-07,W00576669 ARTICLES OF ORGANIZATION,Hornick,IA,51026,,outside_or_unlisted,LAWRENCE SANFORD,,no,,,no,no,formation_year_2008_outside_1985_2005;operating_county_outside_or_unlisted;trade_not_confirmed_from_non_sos_source,27250fe6e4dbe155d8d8871013f4ef0b02f7b537e64a5880b5cbfd208f9545c3,https://sos.iowa.gov/search/business/Search.aspx
481479,"515 HEATING AND COOLING, LLC",,Active,CODE 489 DOMESTIC LIMITED LIABILITY COMPANY,2014-06-26,W00925685 CERTIFICATE OF ORGANIZATION,Ankeny,IA,50023,Polk,unique_city,JUSTIN GIBSON,,no,,,no,no,formation_year_2014_outside_1985_2005;trade_not_confirmed_from_non_sos_source,20a2676bebc3b95cbd9bd4701178f1c0d2a915f5909ed62d77549aa889d50464,https://sos.iowa.gov/search/business/Search.aspx
530246,14 WELDING LLC,,Active,CODE 489 DOMESTIC LIMITED LIABILITY COMPANY,2016-09-07,W01067611 CERTIFICATE OF ORGANIZATION,Alton,IA,51003,,outside_or_unlisted,BLAKE M BENGARD,,no,,,no,no,formation_year_2016_outside_1985_2005;operating_county_outside_or_unlisted;trade_not_confirmed_from_non_sos_source,2aab1b71aed4d69be64fb7a18230625b6967ac58af3a7a90c03f43508a6c0080,https://sos.iowa.gov/search/business/Search.aspx
407893,"1939 WELDING OUTFITTER, LLC",,Active,CODE 489 DOMESTIC LIMITED LIABILITY COMPANY,2010-12-02,W00714836 CERTIFICATE OF ORGANIZATION,Mason City,IA,50402,,outside_or_unlisted,"LAIRD, HEINY, MCMANIGAL, WINGA, DUFFY & STAMBAUGH, P.L.C.",,no,,,no,no,formation_year_2010_outside_1985_2005;operating_county_outside_or_unlisted;trade_not_confirmed_from_non_sos_source,0d73bcf0e492321a5ec266c7d7dce6188e40ac2ebd8b479e8cecbecc605a11a3,https://sos.iowa.gov/search/business/Search.aspx
818988,6G WELDING & FABRICATION LLC,,Active,CODE 489 DOMESTIC LIMITED LIABILITY COMPANY,2025-02-26,FT0407829 CERTIFICATE OF ORGANIZATION,Badger,IA,50516,,outside_or_unlisted,PAUL FIEBIGER,,no,,,no,no,formation_year_2025_outside_1985_2005;operating_county_outside_or_unlisted;trade_not_confirmed_from_non_sos_source,7e89bf006e8aae1253cfb14abda5e3d0570bfe2cd704bb75ba3c0809987f296a,https://sos.iowa.gov/search/business/Search.aspx
873924,6/S MOBILE WELDING LLC,,Active,CODE 489 DOMESTIC LIMITED LIABILITY COMPANY,2026-06-04,FT0542825 CERTIFICATE OF ORGANIZATION,Atlantic,IA,50022,,outside_or_unlisted,CALEB HOEFFNER,,no,,,no,no,formation_year_2026_outside_1985_2005;operating_county_outside_or_unlisted;trade_not_confirmed_from_non_sos_source,c2c4d98e058ffafb8e3dd4006f7155f9ce78f4ef6d567a59165bf0e6f28a8e1d,https://sos.iowa.gov/search/business/Search.aspx
501615,"PRECISION LIQUID CONSTRUCTION, LLC",,Active,CODE 489 FOREIGN LIMITED LIABILITY COMPANY,,unknown,Springfield,IL,62711,,outside_or_unlisted,COGENCY GLOBAL INC.,,no,,,no,no,formation_date_unknown;operating_county_outside_or_unlisted;trade_not_confirmed_from_non_sos_source,87dc0e7c7a1d3d46589401eae32d87e0df21f0cd70a72e2bc21cf6e82f4d3fef,https://sos.iowa.gov/search/business/Search.aspx
881660,A&G WELDING AND CONSTRUCTION LLC,,Active,CODE 489 DOMESTIC LIMITED LIABILITY COMPANY,2026-07-30,FT0554958 CERTIFICATE OF ORGANIZATION,Johnston,IA,50131,Polk,unique_city,NORTHWEST REGISTERED AGENT LLC,,no,,,no,no,formation_year_2026_outside_1985_2005;trade_not_confirmed_from_non_sos_source,48865880f68c1be43d78165f25ec6bfbea81e1c0520d6496adf6efc579ffea8a,https://sos.iowa.gov/search/business/Search.aspx
865565,A&M WELDING & LINE BORING LLC,,Active,CODE 489 DOMESTIC LIMITED LIABILITY COMPANY,2026-04-04,FT0526338 CERTIFICATE OF ORGANIZATION,Buffalo,IA,52728,,outside_or_unlisted,"UNITED STATES CORPORATION AGENTS, INC.",,no,,,no,no,formation_year_2026_outside_1985_2005;operating_county_outside_or_unlisted;trade_not_confirmed_from_non_sos_source,c3ddc287543d6303337d7c8fc7cc88c27a2c3bf8736b1124fcae508360aa07b5,https://sos.iowa.gov/search/business/Search.aspx
626508,"A & R WELDING BUILDING, LLC",,Active,CODE 489 DOMESTIC LIMITED LIABILITY COMPANY,2020-02-17,FT0052822 CERTIFICATE OF ORGANIZATION,Inwood,IA,51240,,outside_or_unlisted,MICHAEL VONK,,no,,,no,no,formation_year_2020_outside_1985_2005;operating_county_outside_or_unlisted;trade_not_confirmed_from_non_sos_source,1b71143a14ac18970438a097db5ad4679a40566d0b44fc13afcf5c686b863d5b,https://sos.iowa.gov/search/business/Search.aspx
816297,"FULL THROTTLE CUSTOMS, LLC",,Active,CODE 489 DOMESTIC LIMITED LIABILITY COMPANY,2025-02-03,FT0400256 CERTIFICATE OF ORGANIZATION,Richland,IA,52585,,outside_or_unlisted,C. ANDREW NELSON,,no,,,no,no,formation_year_2025_outside_1985_2005;operating_county_outside_or_unlisted;trade_not_confirmed_from_non_sos_source,f033c07240cd00b316fc29a919cb2c6693c78d298ade5dc6ec1cda0e7b592c15,https://sos.iowa.gov/search/business/Search.aspx
820528,"AC/DC WELDING & CONSTRUCTION, LLC",,Active,CODE 489 DOMESTIC LIMITED LIABILITY COMPANY,2025-03-06,W01403534 CERTIFICATE OF ORGANIZATION,Livermore,IA,50558,,outside_or_unlisted,WILL SMITH,,no,,,no,no,formation_year_2025_outside_1985_2005;operating_county_outside_or_unlisted;trade_not_confirmed_from_non_sos_source,51679f9d66be9cb11144ee135167aedbf5ecb0099402594f7ee92274950ac094,https://sos.iowa.gov/search/business/Search.aspx
780289,ADM WELDING AND FABRICATION LLC,,Active,CODE 489 DOMESTIC LIMITED LIABILITY COMPANY,2024-03-01,FT0330737 CERTIFICATE OF ORGANIZATION,Burlington,IA,52601,,outside_or_unlisted,AARON MCCURDY,,no,,,no,no,formation_year_2024_outside_1985_2005;operating_county_outside_or_unlisted;trade_not_confirmed_from_non_sos_source,d750707e80bdb1f2d06ee4d67bedc4cc62de0471ad5d5d3a800b3f2629e9b440,https://sos.iowa.gov/search/business/Search.aspx
861662,ALLIANCE PAVING LLC,,Active,CODE 489 DOMESTIC LIMITED LIABILITY COMPANY,2026-03-06,FT0513901 CERTIFICATE OF ORGANIZATION,Urbandale,IA,50322,,split_city_unresolved,ROB WOOLLUMS,,no,,,no,no,formation_year_2026_outside_1985_2005;operating_county_split_city_unresolved;trade_not_confirmed_from_non_sos_source,599b0fc1072af1d0b612ecf5f70c7a08123ca086a761b3c5145f7d108527e1b3,https://sos.iowa.gov/search/business/Search.aspx
