Company,Website,Domain,City,State,Industry,Revenue Amount Or Range,Revenue Evidence Type,Revenue Source URL,Operating Scale Evidence,Owner Name,Owner Title,Ownership Source,Public Company Phone,Public Business Email,Fit Rationale,Observed Signal,Signal Date,Signal Source,Qualification Status,Research Date,Notes
"Parkins Rusty Enterprises, Inc.",,,Carlisle,IA,Trucking,,none,,,,,,(515) 240-0450,,"Potential fit only. Exit Factor's Des Moines office is built around exit-planning support, a defined process, and a business-valuation calculator (https://exitfactor.com/offices/des-moines/; live page was Cloudflare-blocked on 2026-10-01; the 2026-02-14 archive of that URL exposes those program paths). An independent trucking company in Carlisle is a plausible conversation about business value, profitability, systems, management depth, or succession. This is not a sourced current need.",,,,REVIEW_REQUIRED,2026-10-01,"Yellow Pages Des Moines-area trade listing. A directory listing is not annual revenue. City is the city on the listing address when shown, otherwise the city in the listing URL. Published business phone. The source did not label it a mobile line."
Rusty Parkins Enterprises,,,Carlisle,IA,Trucking,,none,,,,,,(515) 240-0450,,"Potential fit only. Exit Factor's Des Moines office is built around exit-planning support, a defined process, and a business-valuation calculator (https://exitfactor.com/offices/des-moines/; live page was Cloudflare-blocked on 2026-10-01; the 2026-02-14 archive of that URL exposes those program paths). An independent trucking company in Carlisle is a plausible conversation about business value, profitability, systems, management depth, or succession. This is not a sourced current need.",,,,REVIEW_REQUIRED,2026-10-01,"Yellow Pages Des Moines-area trade listing. A directory listing is not annual revenue. City is the city on the listing address when shown, otherwise the city in the listing URL. Published business phone. The source did not label it a mobile line."
Rhodes Trucking Inc,,,Van Meter,IA,Trucking,,none,,,,,,(515) 996-2432,,"Potential fit only. Exit Factor's Des Moines office is built around exit-planning support, a defined process, and a business-valuation calculator (https://exitfactor.com/offices/des-moines/; live page was Cloudflare-blocked on 2026-10-01; the 2026-02-14 archive of that URL exposes those program paths). An independent trucking company in Van Meter is a plausible conversation about business value, profitability, systems, management depth, or succession. This is not a sourced current need.",,,,REVIEW_REQUIRED,2026-10-01,"Yellow Pages Des Moines-area trade listing. A directory listing is not annual revenue. City is the city on the listing address when shown, otherwise the city in the listing URL. Published business phone. The source did not label it a mobile line."
Walker Trucking,,,St Charles,IA,Trucking,,none,,,,,,(641) 396-2281,,"Potential fit only. Exit Factor's Des Moines office is built around exit-planning support, a defined process, and a business-valuation calculator (https://exitfactor.com/offices/des-moines/; live page was Cloudflare-blocked on 2026-10-01; the 2026-02-14 archive of that URL exposes those program paths). An independent trucking company in St Charles is a plausible conversation about business value, profitability, systems, management depth, or succession. This is not a sourced current need.",,,,REVIEW_REQUIRED,2026-10-01,"Yellow Pages Des Moines-area trade listing. A directory listing is not annual revenue. City is the city on the listing address when shown, otherwise the city in the listing URL. Published business phone. The source did not label it a mobile line."
Associated Grading & Excavating,,,Earlham,IA,Trucking,,none,,,,,,(515) 758-2606,,"Potential fit only. Exit Factor's Des Moines office is built around exit-planning support, a defined process, and a business-valuation calculator (https://exitfactor.com/offices/des-moines/; live page was Cloudflare-blocked on 2026-10-01; the 2026-02-14 archive of that URL exposes those program paths). An independent trucking company in Earlham is a plausible conversation about business value, profitability, systems, management depth, or succession. This is not a sourced current need.",,,,REVIEW_REQUIRED,2026-10-01,"Yellow Pages Des Moines-area trade listing. A directory listing is not annual revenue. City is the city on the listing address when shown, otherwise the city in the listing URL. Published business phone. The source did not label it a mobile line."
Mahon Trucking,,,Dallas Center,IA,Trucking,,none,,,,,,(515) 238-6244,,"Potential fit only. Exit Factor's Des Moines office is built around exit-planning support, a defined process, and a business-valuation calculator (https://exitfactor.com/offices/des-moines/; live page was Cloudflare-blocked on 2026-10-01; the 2026-02-14 archive of that URL exposes those program paths). An independent trucking company in Dallas Center is a plausible conversation about business value, profitability, systems, management depth, or succession. This is not a sourced current need.",,,,REVIEW_REQUIRED,2026-10-01,"Yellow Pages Des Moines-area trade listing. A directory listing is not annual revenue. City is the city on the listing address when shown, otherwise the city in the listing URL. Published business phone. The source did not label it a mobile line."
Nelson Electric Company,https://nelsonelectric.biz/,nelsonelectric.biz,Ames,IA,Electrical,,none,,,,,,(515) 425-4365,,"Potential fit only. Exit Factor's Des Moines office is built around exit-planning support, a defined process, and a business-valuation calculator (https://exitfactor.com/offices/des-moines/; live page was Cloudflare-blocked on 2026-10-01; the 2026-02-14 archive of that URL exposes those program paths). An independent electrical company in Ames is a plausible conversation about business value, profitability, systems, management depth, or succession. This is not a sourced current need.",,,,REVIEW_REQUIRED,2026-10-01,"Yellow Pages Des Moines-area trade listing. A directory listing is not annual revenue. City is the city on the listing address when shown, otherwise the city in the listing URL. Published business phone. The source did not label it a mobile line."
Ball Electric Inc.,http://ballelectricinc.localsearch.com/,,Des Moines,IA,Electrical,,none,,,,,,(515) 304-9169,,"Potential fit only. Exit Factor's Des Moines office is built around exit-planning support, a defined process, and a business-valuation calculator (https://exitfactor.com/offices/des-moines/; live page was Cloudflare-blocked on 2026-10-01; the 2026-02-14 archive of that URL exposes those program paths). An independent electrical company in Des Moines is a plausible conversation about business value, profitability, systems, management depth, or succession. This is not a sourced current need.",,,,REVIEW_REQUIRED,2026-10-01,"Yellow Pages Des Moines-area trade listing. A directory listing is not annual revenue. City is the city on the listing address when shown, otherwise the city in the listing URL. Published business phone. The source did not label it a mobile line."
XStream Electric LLC,http://xstreamelectricllc.com/,xstreamelectricllc.com,Des Moines,IA,Electrical,,none,,,,,,(515) 513-1351,,"Potential fit only. Exit Factor's Des Moines office is built around exit-planning support, a defined process, and a business-valuation calculator (https://exitfactor.com/offices/des-moines/; live page was Cloudflare-blocked on 2026-10-01; the 2026-02-14 archive of that URL exposes those program paths). An independent electrical company in Des Moines is a plausible conversation about business value, profitability, systems, management depth, or succession. This is not a sourced current need.",,,,REVIEW_REQUIRED,2026-10-01,"Yellow Pages Des Moines-area trade listing. A directory listing is not annual revenue. City is the city on the listing address when shown, otherwise the city in the listing URL. Published business phone. The source did not label it a mobile line."
Action Electric,http://actionelectricdm.com/,actionelectricdm.com,Des Moines,IA,Electrical,,none,,,,,,(515) 446-8192,,"Potential fit only. Exit Factor's Des Moines office is built around exit-planning support, a defined process, and a business-valuation calculator (https://exitfactor.com/offices/des-moines/; live page was Cloudflare-blocked on 2026-10-01; the 2026-02-14 archive of that URL exposes those program paths). An independent electrical company in Des Moines is a plausible conversation about business value, profitability, systems, management depth, or succession. This is not a sourced current need.",,,,REVIEW_REQUIRED,2026-10-01,"Yellow Pages Des Moines-area trade listing. A directory listing is not annual revenue. City is the city on the listing address when shown, otherwise the city in the listing URL. Published business phone. The source did not label it a mobile line."
Advantage Electric,,,Des Moines,IA,Electrical,,none,,,,,,(515) 208-0684,,"Potential fit only. Exit Factor's Des Moines office is built around exit-planning support, a defined process, and a business-valuation calculator (https://exitfactor.com/offices/des-moines/; live page was Cloudflare-blocked on 2026-10-01; the 2026-02-14 archive of that URL exposes those program paths). An independent electrical company in Des Moines is a plausible conversation about business value, profitability, systems, management depth, or succession. This is not a sourced current need.",,,,REVIEW_REQUIRED,2026-10-01,"Yellow Pages Des Moines-area trade listing. A directory listing is not annual revenue. City is the city on the listing address when shown, otherwise the city in the listing URL. Published business phone. The source did not label it a mobile line."
Par Electrical Contractors Inc,,,Des Moines,IA,Electrical,,none,,,,,,(515) 266-1330,,"Potential fit only. Exit Factor's Des Moines office is built around exit-planning support, a defined process, and a business-valuation calculator (https://exitfactor.com/offices/des-moines/; live page was Cloudflare-blocked on 2026-10-01; the 2026-02-14 archive of that URL exposes those program paths). An independent electrical company in Des Moines is a plausible conversation about business value, profitability, systems, management depth, or succession. This is not a sourced current need.",,,,REVIEW_REQUIRED,2026-10-01,"Yellow Pages Des Moines-area trade listing. A directory listing is not annual revenue. City is the city on the listing address when shown, otherwise the city in the listing URL. Published business phone. The source did not label it a mobile line."
Extreme Electric,,,Des Moines,IA,Electrical,,none,,,,,,(515) 202-5911,,"Potential fit only. Exit Factor's Des Moines office is built around exit-planning support, a defined process, and a business-valuation calculator (https://exitfactor.com/offices/des-moines/; live page was Cloudflare-blocked on 2026-10-01; the 2026-02-14 archive of that URL exposes those program paths). An independent electrical company in Des Moines is a plausible conversation about business value, profitability, systems, management depth, or succession. This is not a sourced current need.",,,,REVIEW_REQUIRED,2026-10-01,"Yellow Pages Des Moines-area trade listing. A directory listing is not annual revenue. City is the city on the listing address when shown, otherwise the city in the listing URL. Published business phone. The source did not label it a mobile line."
Burns Electric,,,Des Moines,IA,Electrical,,none,,,,,,(515) 289-2725,,"Potential fit only. Exit Factor's Des Moines office is built around exit-planning support, a defined process, and a business-valuation calculator (https://exitfactor.com/offices/des-moines/; live page was Cloudflare-blocked on 2026-10-01; the 2026-02-14 archive of that URL exposes those program paths). An independent electrical company in Des Moines is a plausible conversation about business value, profitability, systems, management depth, or succession. This is not a sourced current need.",,,,REVIEW_REQUIRED,2026-10-01,"Yellow Pages Des Moines-area trade listing. A directory listing is not annual revenue. City is the city on the listing address when shown, otherwise the city in the listing URL. Published business phone. The source did not label it a mobile line."
Commonwealth Electric Company of the Midwest,,,Des Moines,IA,Electrical,,none,,,,,,(515) 288-5783,,"Potential fit only. Exit Factor's Des Moines office is built around exit-planning support, a defined process, and a business-valuation calculator (https://exitfactor.com/offices/des-moines/; live page was Cloudflare-blocked on 2026-10-01; the 2026-02-14 archive of that URL exposes those program paths). An independent electrical company in Des Moines is a plausible conversation about business value, profitability, systems, management depth, or succession. This is not a sourced current need.",,,,REVIEW_REQUIRED,2026-10-01,"Yellow Pages Des Moines-area trade listing. A directory listing is not annual revenue. City is the city on the listing address when shown, otherwise the city in the listing URL. Published business phone. The source did not label it a mobile line."
Knight Electric,,,Des Moines,IA,Electrical,,none,,,,,,(515) 244-0445,,"Potential fit only. Exit Factor's Des Moines office is built around exit-planning support, a defined process, and a business-valuation calculator (https://exitfactor.com/offices/des-moines/; live page was Cloudflare-blocked on 2026-10-01; the 2026-02-14 archive of that URL exposes those program paths). An independent electrical company in Des Moines is a plausible conversation about business value, profitability, systems, management depth, or succession. This is not a sourced current need.",,,,REVIEW_REQUIRED,2026-10-01,"Yellow Pages Des Moines-area trade listing. A directory listing is not annual revenue. City is the city on the listing address when shown, otherwise the city in the listing URL. Published business phone. The source did not label it a mobile line."
RTC Electrical Service,,,Des Moines,IA,Electrical,,none,,,,,,(515) 255-8738,,"Potential fit only. Exit Factor's Des Moines office is built around exit-planning support, a defined process, and a business-valuation calculator (https://exitfactor.com/offices/des-moines/; live page was Cloudflare-blocked on 2026-10-01; the 2026-02-14 archive of that URL exposes those program paths). An independent electrical company in Des Moines is a plausible conversation about business value, profitability, systems, management depth, or succession. This is not a sourced current need.",,,,REVIEW_REQUIRED,2026-10-01,"Yellow Pages Des Moines-area trade listing. A directory listing is not annual revenue. City is the city on the listing address when shown, otherwise the city in the listing URL. Published business phone. The source did not label it a mobile line."
Neuwerth Electric Inc,,,Des Moines,IA,Electrical,,none,,,,,,(515) 278-2221,,"Potential fit only. Exit Factor's Des Moines office is built around exit-planning support, a defined process, and a business-valuation calculator (https://exitfactor.com/offices/des-moines/; live page was Cloudflare-blocked on 2026-10-01; the 2026-02-14 archive of that URL exposes those program paths). An independent electrical company in Des Moines is a plausible conversation about business value, profitability, systems, management depth, or succession. This is not a sourced current need.",,,,REVIEW_REQUIRED,2026-10-01,"Yellow Pages Des Moines-area trade listing. A directory listing is not annual revenue. City is the city on the listing address when shown, otherwise the city in the listing URL. Published business phone. The source did not label it a mobile line."
Robison Electric LLC,,,Des Moines,IA,Electrical,,none,,,,,,(515) 256-8083,,"Potential fit only. Exit Factor's Des Moines office is built around exit-planning support, a defined process, and a business-valuation calculator (https://exitfactor.com/offices/des-moines/; live page was Cloudflare-blocked on 2026-10-01; the 2026-02-14 archive of that URL exposes those program paths). An independent electrical company in Des Moines is a plausible conversation about business value, profitability, systems, management depth, or succession. This is not a sourced current need.",,,,REVIEW_REQUIRED,2026-10-01,"Yellow Pages Des Moines-area trade listing. A directory listing is not annual revenue. City is the city on the listing address when shown, otherwise the city in the listing URL. Published business phone. The source did not label it a mobile line."
MidAmerican Energy Company,,,Des Moines,IA,Electrical,,none,,,,,,(515) 242-4300,,"Potential fit only. Exit Factor's Des Moines office is built around exit-planning support, a defined process, and a business-valuation calculator (https://exitfactor.com/offices/des-moines/; live page was Cloudflare-blocked on 2026-10-01; the 2026-02-14 archive of that URL exposes those program paths). An independent electrical company in Des Moines is a plausible conversation about business value, profitability, systems, management depth, or succession. This is not a sourced current need.",,,,REVIEW_REQUIRED,2026-10-01,"Yellow Pages Des Moines-area trade listing. A directory listing is not annual revenue. City is the city on the listing address when shown, otherwise the city in the listing URL. Published business phone. The source did not label it a mobile line."
GW Electric,,,Des Moines,IA,Electrical,,none,,,,,,(515) 554-1647,,"Potential fit only. Exit Factor's Des Moines office is built around exit-planning support, a defined process, and a business-valuation calculator (https://exitfactor.com/offices/des-moines/; live page was Cloudflare-blocked on 2026-10-01; the 2026-02-14 archive of that URL exposes those program paths). An independent electrical company in Des Moines is a plausible conversation about business value, profitability, systems, management depth, or succession. This is not a sourced current need.",,,,REVIEW_REQUIRED,2026-10-01,"Yellow Pages Des Moines-area trade listing. A directory listing is not annual revenue. City is the city on the listing address when shown, otherwise the city in the listing URL. Published business phone. The source did not label it a mobile line."
A-1 Electric,,,Des Moines,IA,Electrical,,none,,,,,,(515) 505-8288,,"Potential fit only. Exit Factor's Des Moines office is built around exit-planning support, a defined process, and a business-valuation calculator (https://exitfactor.com/offices/des-moines/; live page was Cloudflare-blocked on 2026-10-01; the 2026-02-14 archive of that URL exposes those program paths). An independent electrical company in Des Moines is a plausible conversation about business value, profitability, systems, management depth, or succession. This is not a sourced current need.",,,,REVIEW_REQUIRED,2026-10-01,"Yellow Pages Des Moines-area trade listing. A directory listing is not annual revenue. City is the city on the listing address when shown, otherwise the city in the listing URL. Published business phone. The source did not label it a mobile line."
ABC,,,Des Moines,IA,Electrical,,none,,,,,,(515) 270-6400,,"Potential fit only. Exit Factor's Des Moines office is built around exit-planning support, a defined process, and a business-valuation calculator (https://exitfactor.com/offices/des-moines/; live page was Cloudflare-blocked on 2026-10-01; the 2026-02-14 archive of that URL exposes those program paths). An independent electrical company in Des Moines is a plausible conversation about business value, profitability, systems, management depth, or succession. This is not a sourced current need.",,,,REVIEW_REQUIRED,2026-10-01,"Yellow Pages Des Moines-area trade listing. A directory listing is not annual revenue. City is the city on the listing address when shown, otherwise the city in the listing URL. Published business phone. The source did not label it a mobile line."
Rewired Iowa Electrician Des Moines,,,Des Moines,IA,Electrical,,none,,,,,,(515) 619-5349,,"Potential fit only. Exit Factor's Des Moines office is built around exit-planning support, a defined process, and a business-valuation calculator (https://exitfactor.com/offices/des-moines/; live page was Cloudflare-blocked on 2026-10-01; the 2026-02-14 archive of that URL exposes those program paths). An independent electrical company in Des Moines is a plausible conversation about business value, profitability, systems, management depth, or succession. This is not a sourced current need.",,,,REVIEW_REQUIRED,2026-10-01,"Yellow Pages Des Moines-area trade listing. A directory listing is not annual revenue. City is the city on the listing address when shown, otherwise the city in the listing URL. Published business phone. The source did not label it a mobile line."
Stroh Corporation,,,Des Moines,IA,Electrical,,none,,,,,,(515) 244-8177,,"Potential fit only. Exit Factor's Des Moines office is built around exit-planning support, a defined process, and a business-valuation calculator (https://exitfactor.com/offices/des-moines/; live page was Cloudflare-blocked on 2026-10-01; the 2026-02-14 archive of that URL exposes those program paths). An independent electrical company in Des Moines is a plausible conversation about business value, profitability, systems, management depth, or succession. This is not a sourced current need.",,,,REVIEW_REQUIRED,2026-10-01,"Yellow Pages Des Moines-area trade listing. A directory listing is not annual revenue. City is the city on the listing address when shown, otherwise the city in the listing URL. Published business phone. The source did not label it a mobile line."
CRS Electrical,,,Des Moines,IA,Electrical,,none,,,,,,(515) 675-5628,,"Potential fit only. Exit Factor's Des Moines office is built around exit-planning support, a defined process, and a business-valuation calculator (https://exitfactor.com/offices/des-moines/; live page was Cloudflare-blocked on 2026-10-01; the 2026-02-14 archive of that URL exposes those program paths). An independent electrical company in Des Moines is a plausible conversation about business value, profitability, systems, management depth, or succession. This is not a sourced current need.",,,,REVIEW_REQUIRED,2026-10-01,"Yellow Pages Des Moines-area trade listing. A directory listing is not annual revenue. City is the city on the listing address when shown, otherwise the city in the listing URL. Published business phone. The source did not label it a mobile line."
Central Iowa Binding Corporation,,,Des Moines,IA,Electrical,,none,,,,,,(515) 727-2300,,"Potential fit only. Exit Factor's Des Moines office is built around exit-planning support, a defined process, and a business-valuation calculator (https://exitfactor.com/offices/des-moines/; live page was Cloudflare-blocked on 2026-10-01; the 2026-02-14 archive of that URL exposes those program paths). An independent electrical company in Des Moines is a plausible conversation about business value, profitability, systems, management depth, or succession. This is not a sourced current need.",,,,REVIEW_REQUIRED,2026-10-01,"Yellow Pages Des Moines-area trade listing. A directory listing is not annual revenue. City is the city on the listing address when shown, otherwise the city in the listing URL. Published business phone. The source did not label it a mobile line."
Electricians Des Moines IA,,,Des Moines,IA,Electrical,,none,,,,,,(515) 575-1006,,"Potential fit only. Exit Factor's Des Moines office is built around exit-planning support, a defined process, and a business-valuation calculator (https://exitfactor.com/offices/des-moines/; live page was Cloudflare-blocked on 2026-10-01; the 2026-02-14 archive of that URL exposes those program paths). An independent electrical company in Des Moines is a plausible conversation about business value, profitability, systems, management depth, or succession. This is not a sourced current need.",,,,REVIEW_REQUIRED,2026-10-01,"Yellow Pages Des Moines-area trade listing. A directory listing is not annual revenue. City is the city on the listing address when shown, otherwise the city in the listing URL. Published business phone. The source did not label it a mobile line."
Jmj Wiring,,,Des Moines,IA,Electrical,,none,,,,,,(515) 864-8881,,"Potential fit only. Exit Factor's Des Moines office is built around exit-planning support, a defined process, and a business-valuation calculator (https://exitfactor.com/offices/des-moines/; live page was Cloudflare-blocked on 2026-10-01; the 2026-02-14 archive of that URL exposes those program paths). An independent electrical company in Des Moines is a plausible conversation about business value, profitability, systems, management depth, or succession. This is not a sourced current need.",,,,REVIEW_REQUIRED,2026-10-01,"Yellow Pages Des Moines-area trade listing. A directory listing is not annual revenue. City is the city on the listing address when shown, otherwise the city in the listing URL. Published business phone. The source did not label it a mobile line."
Electric Pump,,,Des Moines,IA,Electrical,,none,,,,,,(515) 266-0243,,"Potential fit only. Exit Factor's Des Moines office is built around exit-planning support, a defined process, and a business-valuation calculator (https://exitfactor.com/offices/des-moines/; live page was Cloudflare-blocked on 2026-10-01; the 2026-02-14 archive of that URL exposes those program paths). An independent electrical company in Des Moines is a plausible conversation about business value, profitability, systems, management depth, or succession. This is not a sourced current need.",,,,REVIEW_REQUIRED,2026-10-01,"Yellow Pages Des Moines-area trade listing. A directory listing is not annual revenue. City is the city on the listing address when shown, otherwise the city in the listing URL. Published business phone. The source did not label it a mobile line."
Biermann Electric Co Inc,,,Des Moines,IA,Electrical,,none,,,,,,(515) 255-3137,,"Potential fit only. Exit Factor's Des Moines office is built around exit-planning support, a defined process, and a business-valuation calculator (https://exitfactor.com/offices/des-moines/; live page was Cloudflare-blocked on 2026-10-01; the 2026-02-14 archive of that URL exposes those program paths). An independent electrical company in Des Moines is a plausible conversation about business value, profitability, systems, management depth, or succession. This is not a sourced current need.",,,,REVIEW_REQUIRED,2026-10-01,"Yellow Pages Des Moines-area trade listing. A directory listing is not annual revenue. City is the city on the listing address when shown, otherwise the city in the listing URL. Published business phone. The source did not label it a mobile line."
Iowa Sevice Electricians,,,Des Moines,IA,Electrical,,none,,,,,,(515) 263-2985,,"Potential fit only. Exit Factor's Des Moines office is built around exit-planning support, a defined process, and a business-valuation calculator (https://exitfactor.com/offices/des-moines/; live page was Cloudflare-blocked on 2026-10-01; the 2026-02-14 archive of that URL exposes those program paths). An independent electrical company in Des Moines is a plausible conversation about business value, profitability, systems, management depth, or succession. This is not a sourced current need.",,,,REVIEW_REQUIRED,2026-10-01,"Yellow Pages Des Moines-area trade listing. A directory listing is not annual revenue. City is the city on the listing address when shown, otherwise the city in the listing URL. Published business phone. The source did not label it a mobile line."
Electrical Installations of IA,,,Des Moines,IA,Electrical,,none,,,,,,(515) 745-7313,,"Potential fit only. Exit Factor's Des Moines office is built around exit-planning support, a defined process, and a business-valuation calculator (https://exitfactor.com/offices/des-moines/; live page was Cloudflare-blocked on 2026-10-01; the 2026-02-14 archive of that URL exposes those program paths). An independent electrical company in Des Moines is a plausible conversation about business value, profitability, systems, management depth, or succession. This is not a sourced current need.",,,,REVIEW_REQUIRED,2026-10-01,"Yellow Pages Des Moines-area trade listing. A directory listing is not annual revenue. City is the city on the listing address when shown, otherwise the city in the listing URL. Published business phone. The source did not label it a mobile line."
Top Flight Electric,,,Des Moines,IA,Electrical,,none,,,,,,(515) 707-0066,,"Potential fit only. Exit Factor's Des Moines office is built around exit-planning support, a defined process, and a business-valuation calculator (https://exitfactor.com/offices/des-moines/; live page was Cloudflare-blocked on 2026-10-01; the 2026-02-14 archive of that URL exposes those program paths). An independent electrical company in Des Moines is a plausible conversation about business value, profitability, systems, management depth, or succession. This is not a sourced current need.",,,,REVIEW_REQUIRED,2026-10-01,"Yellow Pages Des Moines-area trade listing. A directory listing is not annual revenue. City is the city on the listing address when shown, otherwise the city in the listing URL. Published business phone. The source did not label it a mobile line."
Price Industrial Electric,,,Des Moines,IA,Electrical,,none,,,,,,(515) 957-9027,,"Potential fit only. Exit Factor's Des Moines office is built around exit-planning support, a defined process, and a business-valuation calculator (https://exitfactor.com/offices/des-moines/; live page was Cloudflare-blocked on 2026-10-01; the 2026-02-14 archive of that URL exposes those program paths). An independent electrical company in Des Moines is a plausible conversation about business value, profitability, systems, management depth, or succession. This is not a sourced current need.",,,,REVIEW_REQUIRED,2026-10-01,"Yellow Pages Des Moines-area trade listing. A directory listing is not annual revenue. City is the city on the listing address when shown, otherwise the city in the listing URL. Published business phone. The source did not label it a mobile line."
Delgado Electrical SVC,,,Des Moines,IA,Electrical,,none,,,,,,(515) 490-4978,,"Potential fit only. Exit Factor's Des Moines office is built around exit-planning support, a defined process, and a business-valuation calculator (https://exitfactor.com/offices/des-moines/; live page was Cloudflare-blocked on 2026-10-01; the 2026-02-14 archive of that URL exposes those program paths). An independent electrical company in Des Moines is a plausible conversation about business value, profitability, systems, management depth, or succession. This is not a sourced current need.",,,,REVIEW_REQUIRED,2026-10-01,"Yellow Pages Des Moines-area trade listing. A directory listing is not annual revenue. City is the city on the listing address when shown, otherwise the city in the listing URL. Published business phone. The source did not label it a mobile line."
Lazer Electric and Plumbing,,,Des Moines,IA,Electrical,,none,,,,,,(515) 418-9777,,"Potential fit only. Exit Factor's Des Moines office is built around exit-planning support, a defined process, and a business-valuation calculator (https://exitfactor.com/offices/des-moines/; live page was Cloudflare-blocked on 2026-10-01; the 2026-02-14 archive of that URL exposes those program paths). An independent electrical company in Des Moines is a plausible conversation about business value, profitability, systems, management depth, or succession. This is not a sourced current need.",,,,REVIEW_REQUIRED,2026-10-01,"Yellow Pages Des Moines-area trade listing. A directory listing is not annual revenue. City is the city on the listing address when shown, otherwise the city in the listing URL. Published business phone. The source did not label it a mobile line."
Residential Electrician Des Moines IA,,,Des Moines,IA,Electrical,,none,,,,,,(515) 575-1006,,"Potential fit only. Exit Factor's Des Moines office is built around exit-planning support, a defined process, and a business-valuation calculator (https://exitfactor.com/offices/des-moines/; live page was Cloudflare-blocked on 2026-10-01; the 2026-02-14 archive of that URL exposes those program paths). An independent electrical company in Des Moines is a plausible conversation about business value, profitability, systems, management depth, or succession. This is not a sourced current need.",,,,REVIEW_REQUIRED,2026-10-01,"Yellow Pages Des Moines-area trade listing. A directory listing is not annual revenue. City is the city on the listing address when shown, otherwise the city in the listing URL. Published business phone. The source did not label it a mobile line."
ABC Electrical Services,,,Des Moines,IA,Electrical,,none,,,,,,(515) 261-7117,,"Potential fit only. Exit Factor's Des Moines office is built around exit-planning support, a defined process, and a business-valuation calculator (https://exitfactor.com/offices/des-moines/; live page was Cloudflare-blocked on 2026-10-01; the 2026-02-14 archive of that URL exposes those program paths). An independent electrical company in Des Moines is a plausible conversation about business value, profitability, systems, management depth, or succession. This is not a sourced current need.",,,,REVIEW_REQUIRED,2026-10-01,"Yellow Pages Des Moines-area trade listing. A directory listing is not annual revenue. City is the city on the listing address when shown, otherwise the city in the listing URL. Published business phone. The source did not label it a mobile line."
integra electric solutions,,,Des Moines,IA,Electrical,,none,,,,,,(515) 689-8900,,"Potential fit only. Exit Factor's Des Moines office is built around exit-planning support, a defined process, and a business-valuation calculator (https://exitfactor.com/offices/des-moines/; live page was Cloudflare-blocked on 2026-10-01; the 2026-02-14 archive of that URL exposes those program paths). An independent electrical company in Des Moines is a plausible conversation about business value, profitability, systems, management depth, or succession. This is not a sourced current need.",,,,REVIEW_REQUIRED,2026-10-01,"Yellow Pages Des Moines-area trade listing. A directory listing is not annual revenue. City is the city on the listing address when shown, otherwise the city in the listing URL. Published business phone. The source did not label it a mobile line."
Keystone Electrical Manufacturing Co,,,Des Moines,IA,Electrical,,none,,,,,,(515) 283-2567,,"Potential fit only. Exit Factor's Des Moines office is built around exit-planning support, a defined process, and a business-valuation calculator (https://exitfactor.com/offices/des-moines/; live page was Cloudflare-blocked on 2026-10-01; the 2026-02-14 archive of that URL exposes those program paths). An independent electrical company in Des Moines is a plausible conversation about business value, profitability, systems, management depth, or succession. This is not a sourced current need.",,,,REVIEW_REQUIRED,2026-10-01,"Yellow Pages Des Moines-area trade listing. A directory listing is not annual revenue. City is the city on the listing address when shown, otherwise the city in the listing URL. Published business phone. The source did not label it a mobile line."
Modern Electrical Service,,,Des Moines,IA,Electrical,,none,,,,,,(515) 289-5026,,"Potential fit only. Exit Factor's Des Moines office is built around exit-planning support, a defined process, and a business-valuation calculator (https://exitfactor.com/offices/des-moines/; live page was Cloudflare-blocked on 2026-10-01; the 2026-02-14 archive of that URL exposes those program paths). An independent electrical company in Des Moines is a plausible conversation about business value, profitability, systems, management depth, or succession. This is not a sourced current need.",,,,REVIEW_REQUIRED,2026-10-01,"Yellow Pages Des Moines-area trade listing. A directory listing is not annual revenue. City is the city on the listing address when shown, otherwise the city in the listing URL. Published business phone. The source did not label it a mobile line."
Patterson Electric Company LLC.,,,Des Moines,IA,Electrical,,none,,,,,,(515) 954-5366,,"Potential fit only. Exit Factor's Des Moines office is built around exit-planning support, a defined process, and a business-valuation calculator (https://exitfactor.com/offices/des-moines/; live page was Cloudflare-blocked on 2026-10-01; the 2026-02-14 archive of that URL exposes those program paths). An independent electrical company in Des Moines is a plausible conversation about business value, profitability, systems, management depth, or succession. This is not a sourced current need.",,,,REVIEW_REQUIRED,2026-10-01,"Yellow Pages Des Moines-area trade listing. A directory listing is not annual revenue. City is the city on the listing address when shown, otherwise the city in the listing URL. Published business phone. The source did not label it a mobile line."
Kline Electric,,,Des Moines,IA,Electrical,,none,,,,,,(515) 289-1030,,"Potential fit only. Exit Factor's Des Moines office is built around exit-planning support, a defined process, and a business-valuation calculator (https://exitfactor.com/offices/des-moines/; live page was Cloudflare-blocked on 2026-10-01; the 2026-02-14 archive of that URL exposes those program paths). An independent electrical company in Des Moines is a plausible conversation about business value, profitability, systems, management depth, or succession. This is not a sourced current need.",,,,REVIEW_REQUIRED,2026-10-01,"Yellow Pages Des Moines-area trade listing. A directory listing is not annual revenue. City is the city on the listing address when shown, otherwise the city in the listing URL. Published business phone. The source did not label it a mobile line."
Seneca Companies,,,Des Moines,IA,Electrical,,none,,,,,,(515) 309-1280,,"Potential fit only. Exit Factor's Des Moines office is built around exit-planning support, a defined process, and a business-valuation calculator (https://exitfactor.com/offices/des-moines/; live page was Cloudflare-blocked on 2026-10-01; the 2026-02-14 archive of that URL exposes those program paths). An independent electrical company in Des Moines is a plausible conversation about business value, profitability, systems, management depth, or succession. This is not a sourced current need.",,,,REVIEW_REQUIRED,2026-10-01,"Yellow Pages Des Moines-area trade listing. A directory listing is not annual revenue. City is the city on the listing address when shown, otherwise the city in the listing URL. Published business phone. The source did not label it a mobile line."
Julios Web,,,Des Moines,IA,Electrical,,none,,,,,,(515) 422-0978,,"Potential fit only. Exit Factor's Des Moines office is built around exit-planning support, a defined process, and a business-valuation calculator (https://exitfactor.com/offices/des-moines/; live page was Cloudflare-blocked on 2026-10-01; the 2026-02-14 archive of that URL exposes those program paths). An independent electrical company in Des Moines is a plausible conversation about business value, profitability, systems, management depth, or succession. This is not a sourced current need.",,,,REVIEW_REQUIRED,2026-10-01,"Yellow Pages Des Moines-area trade listing. A directory listing is not annual revenue. City is the city on the listing address when shown, otherwise the city in the listing URL. Published business phone. The source did not label it a mobile line."
Mr. Electric,,,Des Moines,IA,Electrical,,none,,,,,,(515) 282-1122,,"Potential fit only. Exit Factor's Des Moines office is built around exit-planning support, a defined process, and a business-valuation calculator (https://exitfactor.com/offices/des-moines/; live page was Cloudflare-blocked on 2026-10-01; the 2026-02-14 archive of that URL exposes those program paths). An independent electrical company in Des Moines is a plausible conversation about business value, profitability, systems, management depth, or succession. This is not a sourced current need.",,,,EXCLUDED,2026-10-01,"Yellow Pages Des Moines-area trade listing. A directory listing is not annual revenue. City is the city on the listing address when shown, otherwise the city in the listing URL. Excluded as a national chain, national brand, or franchise. Published business phone. The source did not label it a mobile line."
Glass & Sons Electric Inc,,,Des Moines,IA,Electrical,,none,,,,,,(515) 276-0318,,"Potential fit only. Exit Factor's Des Moines office is built around exit-planning support, a defined process, and a business-valuation calculator (https://exitfactor.com/offices/des-moines/; live page was Cloudflare-blocked on 2026-10-01; the 2026-02-14 archive of that URL exposes those program paths). An independent electrical company in Des Moines is a plausible conversation about business value, profitability, systems, management depth, or succession. This is not a sourced current need.",,,,REVIEW_REQUIRED,2026-10-01,"Yellow Pages Des Moines-area trade listing. A directory listing is not annual revenue. City is the city on the listing address when shown, otherwise the city in the listing URL. Published business phone. The source did not label it a mobile line."
Sun Electric Corp,,,Des Moines,IA,Electrical,,none,,,,,,(515) 247-0438,,"Potential fit only. Exit Factor's Des Moines office is built around exit-planning support, a defined process, and a business-valuation calculator (https://exitfactor.com/offices/des-moines/; live page was Cloudflare-blocked on 2026-10-01; the 2026-02-14 archive of that URL exposes those program paths). An independent electrical company in Des Moines is a plausible conversation about business value, profitability, systems, management depth, or succession. This is not a sourced current need.",,,,REVIEW_REQUIRED,2026-10-01,"Yellow Pages Des Moines-area trade listing. A directory listing is not annual revenue. City is the city on the listing address when shown, otherwise the city in the listing URL. Published business phone. The source did not label it a mobile line."
The Euclid Flea Market,,,Des Moines,IA,Electrical,,none,,,,,,(515) 279-0980,,"Potential fit only. Exit Factor's Des Moines office is built around exit-planning support, a defined process, and a business-valuation calculator (https://exitfactor.com/offices/des-moines/; live page was Cloudflare-blocked on 2026-10-01; the 2026-02-14 archive of that URL exposes those program paths). An independent electrical company in Des Moines is a plausible conversation about business value, profitability, systems, management depth, or succession. This is not a sourced current need.",,,,REVIEW_REQUIRED,2026-10-01,"Yellow Pages Des Moines-area trade listing. A directory listing is not annual revenue. City is the city on the listing address when shown, otherwise the city in the listing URL. Published business phone. The source did not label it a mobile line."
