company,street_address,city,state,trade,website,owner_name,owner_title,ownership_status,ownership_source_url,ownership_excerpt,business_phone,business_email,contact_status,company_status,address_source_url,address_excerpt,coordinator_checked,fit_note,notes,accessed_date
Country Landscapes Inc.,3801 E Lincoln Way,Ames,IA,Landscape design and construction,https://www.countrylandscapes.com,Rhett Faaborg,Owner,OWNER_VERIFIED,https://www.countrylandscapes.com/about,"Corporate Office - Ames, Iowa Owner Rhett Faaborg",(800) 794-9795,rhett@countrylandscapes.com,PHONE_AND_EMAIL,COMPANY_QUALIFIED,https://www.countrylandscapes.com/about,"AMES 3801 E Lincoln Way | Ames, IA 50010. CONTACT US | 800.794.9795",YES,Potential fit for a local field-trade business. Not a sourced statement that the company needs to sell.,"Coordinator reread the About page. The word Owner sits with Rhett Faaborg, and the mailto is rhett@countrylandscapes.com. A Des Moines office is also listed. The phone is a published toll-free business number.",2026-10-01
Lounsbury Landscaping Sand & Gravel,6000 Raccoon River Dr,West Des Moines,IA,Landscaping and sand and gravel,https://www.lounsburylandscaping.com,Andy Lounsbury and Ben Lounsbury,Current owners,OWNER_VERIFIED,https://www.lounsburylandscaping.com/about,"started in 1955 by Perry Lounsbury, the father of current owners, Andy & Ben Lounsbury",(515) 225-7100,office@lounsburylandscaping.com,PHONE_AND_EMAIL,COMPANY_QUALIFIED,https://iowanla.org/directory/lounsbury-landscaping-sand-gravel/,"Address 6000 Raccoon River Dr., West Des Moines, IA 50266. Phone 515-225-7100.",YES,Potential fit for a local field-trade business. Not a sourced statement that the company needs to sell.,Coordinator confirmed the current-owners sentence on the company About page and the street on the Iowa Nursery and Landscape Association listing. The email is in the company site's structured data.,2026-10-01
Dynasty Homes,8018 NW 104th Ct,Johnston,IA,Custom home builder,https://www.dynastyhomes.com/,Scott Van Zee,President / Owner,OWNER_VERIFIED,https://www.dynastyhomes.com/about,Scott Van Zee President / Owner,515-707-8343,scott@dynastyhomes.com,PHONE_AND_EMAIL,COMPANY_QUALIFIED,https://www.dynastyhomes.com/,"8018 NW 104th Ct Johnston, IA 50131. 515-707-8343 scott@dynastyhomes.com",YES,Potential fit for a local field-trade business. Not a sourced statement that the company needs to sell.,"Coordinator confirmed the owner line and the Johnston street, phone, and email on the official site. A directory listed a different phone; the site number is the one kept.",2026-10-01
Des Moines Landscapes,4261 50th Avenue,Norwalk,IA,Landscape design-build,https://desmoineslandscapes.com/,Matt Hosier,Owner,OWNER_VERIFIED,https://desmoineslandscapes.com/contact/,"Meet Matt Hosier. Owner, Des Moines Landscapes.",515-210-1266,dsmland@hotmail.com,PHONE_AND_EMAIL,COMPANY_QUALIFIED,https://desmoineslandscapes.com/contact/,"Des Moines Landscapes, L.C. 4261 50th Avenue Norwalk, Iowa 50211. Phone: 1-515-210-1266 Email: dsmland@hotmail.com",YES,Potential fit for a local field-trade business. Not a sourced statement that the company needs to sell.,"Coordinator confirmed the owner sentence, street, phone, and email on the contact page.",2026-10-01
BB Roofing,1370 NW 18th St #104-J,Ankeny,IA,Roofing,https://www.bbroofing.com/,Blaine Brown,President & Owner,OWNER_VERIFIED,https://www.bbroofing.com/meet-the-team/,Blaine Brown President & Owner,(515) 452-9528,blaine@bbroofing.com,PHONE_AND_EMAIL,COMPANY_QUALIFIED,https://www.bbroofing.com/contact-us/,"Des Moines Office 1370 NW 18th St #104-J Ankeny, IA 50023 Phone: (515) 452-9528",YES,Potential fit for a local field-trade business. Not a sourced statement that the company needs to sell.,Coordinator confirmed the owner title and the Ankeny office. The same team page calls Blaine the founder. The company also lists other Midwest offices.,2026-10-01
BAM! Basements and Masons,5327 NW 2nd St,Des Moines,IA,Basement waterproofing and masonry,https://bambasements.com/,Mark Williams,Owner,OWNER_VERIFIED,https://bambasements.com/meet-the-team/,Mark Williams Owner. Mark Williams is the owner of B.A.M!,(515) 963-0226,bamit@bambasements.com,PHONE_AND_EMAIL,COMPANY_QUALIFIED,https://bambasements.com/contact/,"5327 NW 2nd St, Des Moines, IA 50313. Email bamit@bambasements.com Call Us +1 515-963-0226",YES,Potential fit for a local field-trade business. Not a sourced statement that the company needs to sell.,"Coordinator confirmed the owner sentence and the contact-page street, email, and phone. The contact page labels 515-963-0226 as the office number.",2026-10-01
Ball Electric Inc.,505 New York Ave,Des Moines,IA,Electrical contractor,https://ballelectricinc.net/,Mike Ball,Owner,OWNER_VERIFIED,https://www.yellowpages.com/des-moines-ia/mip/ball-electric-inc-6546985,"Owned by Mike Ball, we are licensed and insured for your protection.",(515) 280-7406,ballelectric@aol.com,PHONE_AND_EMAIL,COMPANY_QUALIFIED,https://www.ballelectricinc.net/contact-electrical-services,"Phone: 515-280-7406 Email: ballelectric@aol.com Address: 505 New York Ave, Des Moines, IA, 50313",YES,Potential fit for a local field-trade business. Not a sourced statement that the company needs to sell.,"The company site confirms the street, phone, and email and says family-owned without naming the owner. The owner name is the Yellow Pages sentence, confirmed by the coordinator.",2026-10-01
Iowa Home Consulting,1460 NE 69th Place Suite 64,Ankeny,IA,"Handyman, remodeling, and painting",https://www.iowahomeconsulting.com/,Matt Bradner and Whitney Spencer,Founder/Co-Owner and Co-Owner,OWNER_VERIFIED,https://www.iowahomeconsulting.com/about/team,Matt Bradner Founder/Co-Owner. Whitney Spencer Co-Owner.,(515) 450-2946,info@iowahomeconsulting.com,PHONE_AND_EMAIL,COMPANY_QUALIFIED,https://www.iowahomeconsulting.com/contact,"Ankeny Office 1460 NE 69th Place Suite 64 Ankeny, IA 50021",YES,Potential fit for a local field-trade business. Not a sourced statement that the company needs to sell.,"Coordinator confirmed both co-owner titles and the Ankeny street. The site also lists 923 N 4th St, Ames. The email is in the contact-page structured data.",2026-10-01
James Construction LLC,1601 E 29th St,Des Moines,IA,Grading and excavating,https://www.jamesconstructionia.com,Jeremy James,Owner,OWNER_VERIFIED,https://www.jamesconstructionia.com/contact,Contact: Jeremy James (Owner) Lauren James (Office manager),(515) 779-5662,lauren@jamesconstructionia.com,PHONE_AND_EMAIL,COMPANY_QUALIFIED,"Iowa DOT prequalified contractor record, id 8581, updated September 30, 2026","JAMES CONSTRUCTION LLC, streetAddress 1601 E 29TH ST, DES MOINES",YES,Potential fit for a local field-trade business. Not a sourced statement that the company needs to sell.,"The company site names the owner and prints Des Moines, Iowa 50317, the office phone, and lauren@jamesconstructionia.com. It does not print the street. The street is the Iowa DOT prequalified-contractor record. The published email belongs to the office manager, not a guessed owner inbox.",2026-10-01
"B.T. Construction, LLC",2215 N.W. 137th St.,Clive,IA,"Concrete, demolition, excavating, and culverts",https://btconstructiongroup.com/,Barret Tucker,Owner,OWNER_VERIFIED,https://btconstructiongroup.com/contact-us,"Barret Tucker, Owner (515)490-9511 btucker@btconstructiongroup.com",(515) 490-9511,btucker@btconstructiongroup.com,PHONE_AND_EMAIL,COMPANY_QUALIFIED,"Iowa DOT prequalified contractor record, id 8576, updated September 30, 2026","B.T. CONSTRUCTION, LLC, streetAddress 2215 N.W. 137TH ST., CLIVE",YES,Potential fit for a local field-trade business. Not a sourced statement that the company needs to sell.,"AGC of Iowa printed the website as btconstuctiongroup.com, missing an r. That host does not resolve. The live site and the DOT email use btconstructiongroup.com. The contact page names Barret Tucker, Owner, and publishes the phone, email, and a Clive PO Box. The street is the DOT record.",2026-10-01
"Con-Struct, Inc.",305 S. Dayton Ave.,Ames,IA,Excavation and concrete paving,https://constructiowa.com/,Doug Waite,President and majority shareholder,OWNER_VERIFIED,https://constructiowa.com/about/,"Meet The Owners Doug Waite, President. President Doug Waite leads Con-Struct as the majority shareholder from the main office in Ames.",(515) 232-6443,construct@constructiowa.com,PHONE_AND_EMAIL,COMPANY_QUALIFIED,https://constructiowa.com/contact/,Ames 305 S. Dayton Ave. (515) 232-6443 construct@constructiowa.com,YES,Potential fit for a local field-trade business. Not a sourced statement that the company needs to sell.,The About page says ownership was sold to long-term employees in March 2017 and names Doug Waite as majority shareholder under Meet The Owners. A Marshalltown office is also listed. Ames is the main office.,2026-10-01
"After Shock Heating & Cooling, LLC",4661 121st St,Urbandale,IA,HVAC,https://aftershockia.com/,Jed Finley,Owner,OWNER_VERIFIED,https://web.archive.org/web/20260418202336/https://aftershockia.com/about/,"Jed Finley, Owner",(515) 984-2665,marketing@aftershockia.com,PHONE_AND_EMAIL,COMPANY_QUALIFIED,https://www.dsmhba.com/members/after-shock-heating-cooling-llc/,"4661 121st St Urbandale, IA 50323 Phone: (515) 984-2665",YES,Potential fit for a local field-trade business. Not a sourced statement that the company needs to sell.,"The live site was blocked. Owner, phone wording 515-984-COOL, and marketing@aftershockia.com are the April 18, 2026 archive. The street is the Greater Des Moines HBA member page.",2026-10-01
Flagger Pros USA,403 Whitney Avenue,Ames,IA,Traffic control,https://flaggerprosusa.com/,Jodi McGonigle,Owner and President,OWNER_VERIFIED,https://flaggerprosusa.com/,Jodi is the Owner and President of Flagger Pros USA.,(515) 233-5975,jodim@fpusa.us,PHONE_AND_EMAIL,COMPANY_QUALIFIED,https://flaggerprosusa.com/,"403 Whitney Avenue, Ames, IA 50010, US (515) 233-5975",YES,Potential fit for a local field-trade business. Not a sourced statement that the company needs to sell.,"Coordinator confirmed the owner sentence, Ames street, local phone, and jodim@fpusa.us. The site also publishes (888) 488-6030. Traffic-control contractor, not a paving crew.",2026-10-01
Action Electric,1717 Keosauqua Way,Des Moines,IA,Electrical contractor,https://actionelectricdm.com/,Chad Mease and Joe Butters,Owner & Project Manager,OWNER_VERIFIED,https://actionelectricdm.com/about/,"Chad Mease, Owner & Project Manager. Joe Butters, Owner & Project Manager.",(515) 289-2929,,PHONE_ONLY,COMPANY_QUALIFIED,https://actionelectricdm.com/contact/,"Address Action Electric 1717 Keosauqua Way Des Moines, IA 50314 Phone (515) 289-2929",YES,Potential fit for a local field-trade business. Not a sourced statement that the company needs to sell.,Coordinator confirmed both owner lines and the contact-page street and phone. No email address was printed in the page text.,2026-10-01
Baxter Heating & Air,6864 NE 14th Street Suite 5A,Ankeny,IA,HVAC and plumbing,https://www.baxterheatingandair.com/,Dylan DeJong,Current owner,OWNER_VERIFIED,https://www.baxterheatingandair.com/about-us,Current owner Dylan DeJong is part of the fourt generation of the family to operate the business,515.203.3111,,PHONE_ONLY,COMPANY_QUALIFIED,https://www.baxterheatingandair.com/contact,"Ankeny Office (NEW): 6864 NE 14th Street Suite 5A Ankeny, IA 50023 Phone: 515.203.3111",YES,Potential fit for a local field-trade business. Not a sourced statement that the company needs to sell.,"The About page uses the words current owner. Headquarters remains 120 S. Main St., Baxter. No business email was published on the contact page. The word fourt is the site's spelling.",2026-10-01
D&B Painting LLC,927 SE 55th St,Pleasant Hill,IA,Painting,,Dennis Thurman,Owner / Principal / Partner,OWNER_VERIFIED,https://www.dsmhba.com/members/db-painting-llc/,"Dennis Thurman Owner / Principal / Partner 927 SE 55th St Pleasant Hill, IA 50327 Phone: (515) 208-8008",(515) 208-8008,,PHONE_ONLY,COMPANY_QUALIFIED,https://www.dsmhba.com/members/db-painting-llc/,"927 SE 55th St Pleasant Hill, IA 50327 Phone: (515) 208-8008",YES,Potential fit for a local field-trade business. Not a sourced statement that the company needs to sell.,"Owner, street, and phone are the HBA member page. No official website or email was confirmed.",2026-10-01
L. A. Fulton & Sons Inc.,3401 104th St.,Urbandale,IA,"Plumbing, heating, and air conditioning",https://fultonmech.com,Wes Fulton,Owner,OWNER_VERIFIED,https://businesses.uniquelyurbandale.com/list/member/l-a-fulton-sons-inc-5017,Wes Fulton Owner Phone: (515) 276-4265,(515) 276-4265,,PHONE_ONLY,COMPANY_QUALIFIED,https://businesses.uniquelyurbandale.com/list/member/l-a-fulton-sons-inc-5017,L. A. Fulton & Sons Inc. 3401 104th St. Urbandale IA 50322-3897 (515) 276-4265,YES,Potential fit for a local field-trade business. Not a sourced statement that the company needs to sell.,The chamber card labels Wes Fulton as Owner and offers Send an Email without printing an address. Plumbing and HVAC are the chamber categories.,2026-10-01
Miller Electric,1009 E Hillcrest Ave.,Indianola,IA,Electrical contractor,https://mmillerelectric.com/,Marty Miller and Deb Miller,Co-owner and co-founder,OWNER_VERIFIED,https://mmillerelectric.com/,Marty is the operator and a co-owner of Miller Electrical Services Inc. Deb is a co-owner and co-founder.,(515) 961-5842,,PHONE_ONLY,COMPANY_QUALIFIED,https://mmillerelectric.com/,"Miller Electric 1009 E Hillcrest Ave. Indianola, IA 50125 (515) 961-5842",YES,Potential fit for a local field-trade business. Not a sourced statement that the company needs to sell.,"This is Miller Electrical Services Inc. in Indianola, not a national electrical brand. No email was confirmed on the page.",2026-10-01
Greenland Homes Inc,1201 SW State Street Suite 109,Ankeny,IA,Home builder,https://www.greenlandhomesiowa.com,Corey Kautz,Owner / Principal / Partner,OWNER_VERIFIED,https://www.dsmhba.com/members/greenland-homes-inc/,Corey Kautz Owner / Principal / Partner,(515) 528-8115,,PHONE_ONLY,COMPANY_QUALIFIED,https://www.greenlandhomesiowa.com/,"Greenland Homes 1201 SW State Street Suite 109 Ankeny, IA Phone: (515) 528-8115",YES,Potential fit for a local field-trade business. Not a sourced statement that the company needs to sell.,"The company site prints Suite 109 and (515) 528-8115. The HBA page prints Ste 105, (515) 865-2546, and the owner title. Both are published and they disagree. The email reported from the site was not on the readable homepage text, so it is blank.",2026-10-01
CertaPro Painters of Des Moines,2771 104th St. Suite G,Urbandale,IA,Painting,https://certapro.com/desmoines/,Steven Weiland,Owner,OWNER_VERIFIED,http://web.archive.org/web/20260710134151/https://certapro.com/desmoines/,Steven Weiland Owner,515-255-9717,,PHONE_ONLY,COMPANY_QUALIFIED,http://web.archive.org/web/20260710134151/https://certapro.com/desmoines/,"515-255-9717 2771 104th St. Suite G Urbandale, IA 50322",YES,Potential fit for a local field-trade business. Not a sourced statement that the company needs to sell.,"CertaPro is a franchise brand. The July 10, 2026 archive of the Des Moines page names Steven Weiland as Owner at this Urbandale street. That supports a local franchisee, not a national corporate branch. The archive email was Cloudflare-masked, so it is blank.",2026-10-01
CoolVu of Des Moines,1901 Bell Ave. Suite 16,Des Moines,IA,Window film installation,https://www.coolvu.com/des-moines-window-film/,Alex Orozco,Owner,OWNER_VERIFIED,https://www.coolvu.com/des-moines-window-film/,Owner Alex Orozco,515-559-3565,,PHONE_ONLY,COMPANY_QUALIFIED,https://www.dsmhba.com/members/coolvu-of-des-moines/,"1901 Bell Ave. Suite 16 Des Moines, IA 50315 Phone: (515) 559-3565",YES,Potential fit for a local field-trade business. Not a sourced statement that the company needs to sell.,"The brand site has a Franchise Opportunities link, so this is a local franchise location with a named owner, not proof of a corporate branch. The street is the HBA member page. No email was confirmed.",2026-10-01
The Underground Company,12245 Dakota St.,Carlisle,IA,Utility installation,https://undergroundcoltd.com,Duane Burkhardt and Rhonda Burkhardt,Company owners and presidents,OWNER_VERIFIED,https://undergroundcoltd.com/about,"Duane and his wife, Rhonda, serve as company owners and presidents",515-282-8455,support@underltd.com,PHONE_AND_EMAIL,COMPANY_QUALIFIED,https://undergroundcoltd.com/contact,"12245 Dakota St. Carlisle, IA 50047. Main Line: 515-282-8455. Email support@underltd.com",YES,Potential fit for a local field-trade business. Not a sourced statement that the company needs to sell.,Coordinator confirmed the owners sentence and the Carlisle contact block. The about page also calls Duane Burkhardt a founder from 1986.,2026-10-01
Wagoner Roofing and Construction,3161 99th St.,Urbandale,IA,Roofing,https://wagonerroofingiowa.com/,Justin Wagoner,Owner,OWNER_VERIFIED,https://businesses.uniquelyurbandale.com/list/member/wagoner-roofing-6814,Justin Wagoner Owner Phone: (515) 225-8147,(515) 225-8147,,PHONE_ONLY,COMPANY_QUALIFIED,https://businesses.uniquelyurbandale.com/list/member/wagoner-roofing-6814,3161 99th St. Urbandale IA 50322 (515) 225-8147,YES,Potential fit for a local field-trade business. Not a sourced statement that the company needs to sell.,"Owner, street, and phone are the Urbandale chamber card. No email was printed. The card links wagonerroofingiowa.com.",2026-10-01
Schwinger Lawn Service,3278 White Pole Road,Stuart,IA,Lawn service,https://schwingerlawnservice.com/,John Schwinger,Owner,OWNER_VERIFIED,https://schwingerlawnservice.com/about/,"jobTitle Owner, name John Schwinger. Visible text: I'm John Schwinger, Larry and Jolene's son.",515-523-1061,hello@schwingerlawnservice.com,PHONE_AND_EMAIL,COMPANY_QUALIFIED,https://schwingerlawnservice.com/about/,"3278 White Pole Road, Stuart, IA 50250",YES,Potential fit for a local field-trade business. Not a sourced statement that the company needs to sell.,"Stuart is in Guthrie County, inside the surrounding Central Iowa area. The owner title is the about-page structured data. The phone and hello@ address are on that page.",2026-10-01
"Dayton Heating & Air Conditioning, LLC",3509 104th St.,Urbandale,IA,HVAC,https://daytonhvac.com/,Ben Van Syoc,Owner,OWNER_VERIFIED,https://businesses.uniquelyurbandale.com/list/member/dayton-heating-air-conditioning-llc-1449,Ben Van Syoc Owner,(515) 278-1721,,PHONE_ONLY,COMPANY_QUALIFIED,https://businesses.uniquelyurbandale.com/list/member/dayton-heating-air-conditioning-llc-1449,3509 104th St. Urbandale IA 50322-3825 (515) 278-1721,YES,Potential fit for a local field-trade business. Not a sourced statement that the company needs to sell.,"Coordinator re-audit 2026-10-01. The cited page uses current ownership wording with the full name. Urbandale Chamber card lists the street, phone, website, and Ben Van Syoc as Owner. The about text says locally owned and operated and describes furnace, air conditioner, heat pump, and boiler work. Mark Casey is listed as GM, so that title is not used as ownership. Send an Email",2026-10-01
Lenz Heating and Cooling,7641 Douglas Ave.,Urbandale,IA,HVAC,https://lenzmechanical.com/,Al Lenz and Jenny Lenz,Owner,OWNER_VERIFIED,https://businesses.uniquelyurbandale.com/list/member/lenz-heating-and-cooling-4598,Al Lenz Owner; Jenny Lenz Owner,(515) 225-6446,,PHONE_ONLY,COMPANY_QUALIFIED,https://businesses.uniquelyurbandale.com/list/member/lenz-heating-and-cooling-4598,7641 Douglas Ave. Urbandale IA 50322 (515) 225-6446,YES,Potential fit for a local field-trade business. Not a sourced statement that the company needs to sell.,"Coordinator re-audit 2026-10-01. The cited page uses current ownership wording with the full name. Chamber card lists the Urbandale street, phone, and website. Al Lenz and Jenny Lenz are both labeled Owner. The about text says family-owned and operated, based in Urbandale, and describes HVAC installation, repair, and maintenance. Other reps are staff titles or first names only",2026-10-01
Varsity Zone HVAC of Urbandale,3100 Justin Drive Suite D,Urbandale,IA,HVAC,https://www.varsityzone.com/urbandale-ia/,Ryan Thacher,Owner,OWNER_VERIFIED,https://www.varsityzone.com/urbandale-ia/,Ryan Thacher is the local owner of Varsity Zone HVAC of Urbandale.,(515) 318-7771,,PHONE_ONLY,COMPANY_QUALIFIED,https://businesses.uniquelyurbandale.com/list/category/contractors-heating-cooling-1606,3100 Justin Drive Suite D Urbandale IA 50322 (515) 318-7771,YES,Potential fit for a local field-trade business. Not a sourced statement that the company needs to sell.,"Coordinator re-audit 2026-10-01. The cited page uses current ownership wording with the full name. Varsity Zone is a franchise brand. The company page names Ryan Thacher as the local owner and lists heating and cooling service. The chamber heating-cooling category supplies the Urbandale street and (515) 318-7771. The company page lists a different phone, (515) 495-6193, and do Franchise brand with a named local owner.",2026-10-01
Triple A Home Services LLC,4604 20th Avenue,Norwalk,IA,HVAC,https://tripleahomeservices.com/,Dale Adams,Owner,OWNER_VERIFIED,https://www.bbb.org/us/ia/norwalk/profile/residential-air-conditioning-contractors/triple-a-home-services-llc-0664-32075162,"Principal Contacts Dale Adams, Owner",515-868-2779,dale@tripleahomeservices.com,PHONE_AND_EMAIL,COMPANY_QUALIFIED,https://tripleahomeservices.com/,"Based in Norwalk, IA, we are an HVAC contractor. Triple A Home Services 4604 20th Avenue Norwalk, IA 50211 Phone: 515-868-2779 Email: dale@tripleahomeservices.com",YES,Potential fit for a local field-trade business. Not a sourced statement that the company needs to sell.,"Coordinator re-audit 2026-10-01. The cited page uses current ownership wording with the full name. Official site is a heating and cooling contractor and prints 4604 20th Avenue, Norwalk, IA 50211, Phone 515-868-2779, and dale@tripleahomeservices.com. BBB business profile lists Business Management and Principal Contacts as Dale Adams, Owner. Natasha Adams is Co-President on tha",2026-10-01
Rogers Septic Maintenance & Repair,6288 NE 14th St,Des Moines,IA,Septic and plumbing,https://www.rogersseptic.com/,Rick Rogers,Owner,OWNER_VERIFIED,https://www.rogersseptic.com/,"Since he was 14 years old, owner Rick Rogers has been working around septic systems, plumbing and electrical work.",515-282-0777,admin@rogersseptic.com,PHONE_AND_EMAIL,COMPANY_QUALIFIED,https://www.rogersseptic.com/,"6288 NE 14th St, Des Moines, IA 50313. TEL: 515-282-0777. admin@rogersseptic.com.",YES,Potential fit for a local field-trade business. Not a sourced statement that the company needs to sell.,"Coordinator re-audit 2026-10-01. The cited page uses current ownership wording with the full name. Homepage prints the Des Moines street, TEL 515-282-0777, and admin@rogersseptic.com. Services listed are septic tank pumping, new septic systems, septic repair, maintenance contracts, and sanitary sewer connections. The same page uses the current title owner for Rick Rogers and s",2026-10-01
"Platinum Plumbing Heating and Cooling, LLC",1080 Cedar St,Waukee,IA,Plumbing and HVAC,https://platinumphcdsm.com/,Eric R Michelberger,Owner,OWNER_VERIFIED,https://www.bbb.org/us/ia/waukee/profile/plumbing-and-heating/platinum-plumbing-heating-and-cooling-llc-0664-32158345,"Business Management: Eric R Michelberger, Owner",(515) 729-5065,,PHONE_ONLY,COMPANY_QUALIFIED,https://www.bbb.org/us/ia/waukee/category/plumber,"Platinum Plumbing Heating and Cooling, LLC (515) 729-5065 1080 Cedar St, Waukee, IA50263-9409",YES,Potential fit for a local field-trade business. Not a sourced statement that the company needs to sell.,"Coordinator re-audit 2026-10-01. The cited page uses current ownership wording with the full name. BBB Waukee plumber category page prints the Cedar Street address and phone. BBB profile lists Plumbing Services, Drain Cleaning, and Drain line Repairs, and names Eric R Michelberger as Owner. Official site confirms plumbing and clogged drains and the same phone, and does not pri",2026-10-01
Armor Electric,807 SW Des Moines St Ste 101,Ankeny,IA,Electrical,https://www.armorelectriccompany.com/,Drew Smith,Owner,OWNER_VERIFIED,https://www.bbb.org/us/ia/ankeny/profile/electrical-contractors/armor-electric-0664-32100028,"Business Management: Drew Smith, Owner",(515) 963-3355,,PHONE_ONLY,COMPANY_QUALIFIED,https://www.bbb.org/us/ia/ankeny/category/electrician,"Armor Electric Electrical Contractors, Electrician, Commercial Electrician (515) 963-3355 807 SW Des Moines St Ste 101, Ankeny, IA 50023-2772",YES,Potential fit for a local field-trade business. Not a sourced statement that the company needs to sell.,"Coordinator re-audit 2026-10-01. The cited page uses current ownership wording with the full name. BBB profile says Armor Electric provides electrical services, including new construction, residential service, and wiring, and links Visit Website to https://www.armorelectriccompany.com/. Alternate name on the profile is Armor Electric LLC. The Ankeny street and phone are on the",2026-10-01
Jenson Electric LLC,"4945 Northwest 57th Avenue, STE 2",Johnston,IA,Electrical,https://www.jensonelectric.com/,Michael Jenson,Owner,OWNER_VERIFIED,https://www.bbb.org/us/ia/johnston/profile/electrician/jenson-electric-llc-0664-32068166,"Principal Contacts Michael Jenson, Owner",(515) 276-5099,,PHONE_ONLY,COMPANY_QUALIFIED,https://www.jensonelectric.com/contact,"4945 Northwest 57th Avenue, STE 2, Johnston, Iowa 50131, United States. (515) 276-5099",YES,Potential fit for a local field-trade business. Not a sourced statement that the company needs to sell.,"Coordinator re-audit 2026-10-01. The cited page uses current ownership wording with the full name. Contact page lists the Johnston street and office phone. Homepage heading is commercial, industrial, and residential electrical contractors in Central Iowa. BBB profile gives the current full name Michael Jenson with the title Owner. No email was printed on the contact page. The ",2026-10-01
Burkhead Electric,2714 N Jefferson Way,Indianola,IA,Electrical,https://www.burkheadelectric.com/,Tim Burkhead,Owner & CEO,OWNER_VERIFIED,https://www.burkheadelectric.com/,"Tim Burkhead, Owner & CEO",(515) 262-1775,info@BurkheadElectric.com,PHONE_AND_EMAIL,COMPANY_QUALIFIED,https://www.burkheadelectric.com/,"2714 N Jefferson Way Indianola, IA 50125. Main: (515) 262-1775. info@BurkheadElectric.com. We specialize in providing reliable electrical solutions for residential, commercial, and industrial projects.",YES,Potential fit for a local field-trade business. Not a sourced statement that the company needs to sell.,"Coordinator re-audit 2026-10-01. The cited page uses current ownership wording with the full name. Official site shows the Indianola street, licensed electrical contractor work, and a local family-owned business. Phone is labeled Main, not cell. Miller Electric of Indianola is already in priority_100.csv and was not repeated. Not a national chain or public-parent branch on thi",2026-10-01
Right Roofing & Siding,3051 99th St,Urbandale,IA,Roofing and siding,https://rightroofing.com/,Ryan Johnson,Owner,OWNER_VERIFIED,https://rightroofing.com/about/,Ryan Johnson Owner,(515) 729-0770,info@rightroofing.com,PHONE_AND_EMAIL,COMPANY_QUALIFIED,https://rightroofing.com/contact,"3051 99th St, Urbandale, IA, 50322 (515) 729-0770 info@rightroofing.com",YES,Potential fit for a local field-trade business. Not a sourced statement that the company needs to sell.,"Coordinator re-audit 2026-10-01. The cited page uses current ownership wording with the full name. Contact page lists the Urbandale street as a location, labels (515) 729-0770 Main Office, and prints info@rightroofing.com. A second street is in Pella. The about page Meet Our Team heading labels Ryan Johnson as Owner. That page also says he founded the company nearly three deca",2026-10-01
Haggerty Windows and Siding,10202 Douglas Ave.,Urbandale,IA,"Windows, siding, and roofing",http://www.haggertywindowsandsiding.com/,Mike Haggerty,Owner,OWNER_VERIFIED,https://businesses.uniquelyurbandale.com/list/member/haggerty-windows-and-siding-3489,Mike Haggerty Owner,(515) 953-6999,,PHONE_ONLY,COMPANY_QUALIFIED,https://businesses.uniquelyurbandale.com/list/member/haggerty-windows-and-siding-3489,10202 Douglas Ave. Urbandale IA 50322 (515) 953-6999,YES,Potential fit for a local field-trade business. Not a sourced statement that the company needs to sell.,"Coordinator re-audit 2026-10-01. The cited page uses current ownership wording with the full name. Urbandale Chamber card lists the street, phone, and website. The about text calls the firm a family owned and operated general contractor specializing in windows, siding, and roofing, and lists gutters among the work. Mike Haggerty is labeled Owner. Daniel Haggerty is Manager and",2026-10-01
Superior Contractors LLC,940 SE Bluegrass Cir,Waukee,IA,Remodeling and roofing,https://www.superiorcontractorsiowa.com/,Josh Spencer,Owner,OWNER_VERIFIED,https://www.bbb.org/us/ia/waukee/profile/general-contractor/superior-contractors-llc-0664-32036452,"Josh Spencer, Owner",(515) 202-9190,,PHONE_ONLY,COMPANY_QUALIFIED,https://www.superiorcontractorsiowa.com/,"Superior Contractors LLC 940 SE Bluegrass Cir Waukee,IA50263 (515) 202-9190 Remodeling Services",YES,Potential fit for a local field-trade business. Not a sourced statement that the company needs to sell.,"Coordinator re-audit 2026-10-01. The cited page uses current ownership wording with the full name. Official site prints 940 SE Bluegrass Cir, Waukee, IA 50263, phone (515) 202-9190, and remodeling, roofing, and siding services. BBB profile says this general contractor offers remodeling and new construction and names Josh Spencer, Owner. No email was printed on the official pag",2026-10-01
Superstorm Roofing & Siding,"475 SE Alices Rd, Suite B",Waukee,IA,Roofing and siding,https://superstormrestoration.com/,Chandler Steffy,Owner,OWNER_VERIFIED,https://superstormrestoration.com/locations/waukee/,Owner Chandler Steffy has been in construction since 1997 and formally established Superstorm Roofing & Siding in 2012.,(515) 225-4880,,PHONE_ONLY,COMPANY_QUALIFIED,https://superstormrestoration.com/locations/waukee/,"475 SE Alices Rd, Suite B, Waukee, IA 50263",YES,Potential fit for a local field-trade business. Not a sourced statement that the company needs to sell.,"Coordinator re-audit 2026-10-01. The cited page uses current ownership wording with the full name. The Waukee page says the company is headquartered at 475 SE Alices Rd, Suite B, lists (515) 225-4880, and says it handles siding replacement and gutter installation. Owner Chandler Steffy is named on that page. No email was printed. The phone is not labeled mobile. Not in priorit",2026-10-01
"American Home Renovations, L.L.C.",10503 NE 82nd Ave,Bondurant,IA,"Roofing, siding, and gutters",https://americanhomereno.com/,Jace Surprenant,Co-Owner,OWNER_VERIFIED,https://www.bbb.org/us/ia/bondurant/profile/general-contractor/american-home-renovations-llc-0664-32158882,"Mr. Jace Surprenant, Co-Owner",(515) 508-9739,,PHONE_ONLY,COMPANY_QUALIFIED,https://www.bbb.org/us/ia/bondurant/category/roofing-contractors,"American Home Renovations, L.L.C. (515) 508-9739 10503 NE 82nd Ave, Bondurant, IA50035",YES,Potential fit for a local field-trade business. Not a sourced statement that the company needs to sell.,"Coordinator re-audit 2026-10-01. The cited page uses current ownership wording with the full name. BBB Bondurant roofing category page prints the Bondurant street and (515) 508-9739. The official site says contractor in Bondurant and describes roofing, siding, and gutters, labels (515) 508-9739 as Phone Number and also as Direct Text Message, and labels jace@americanhomereno.c",2026-10-01
Robben Roofing,7766 NE 108th Pl,Bondurant,IA,Roofing,https://robbenroofingiowa.com/,Bret A Robben,Owner,OWNER_VERIFIED,https://www.bbb.org/us/ia/bondurant/profile/roofing-contractors/robben-roofing-0664-32158020/addressId/56949,"Bret A Robben, Owner",(515) 771-4210,,PHONE_ONLY,COMPANY_QUALIFIED,https://www.bbb.org/us/ia/bondurant/category/roofing-contractors,"Robben Roofing (515) 771-4210 7766 NE 108th Pl, Bondurant, IA50035-1140",YES,Potential fit for a local field-trade business. Not a sourced statement that the company needs to sell.,"Coordinator re-audit 2026-10-01. The cited page uses current ownership wording with the full name. BBB category pages print the Bondurant street and (515) 771-4210 and link a Johnston headquarters profile. The Bondurant BBB profile says the company provides roofing services and assists with gutter and siding services, and names Bret A Robben, Owner. Dan Robben has no title the",2026-10-01
The Tree Service LLC,5485 NE 17TH ST STE M,Des Moines,IA,Tree care,https://thetreeserviceia.com/,Brian Green,Owner & Lead Arborist,OWNER_VERIFIED,https://thetreeserviceia.com/about,Brian Green Owner & Lead Arborist,(515) 802-1130,info@thetreeserviceia.com,PHONE_AND_EMAIL,COMPANY_QUALIFIED,https://thetreeserviceia.com/,"5485 NE 17TH ST STE M, Des Moines, IA 50313",YES,Potential fit for a local field-trade business. Not a sourced statement that the company needs to sell.,"Coordinator re-audit 2026-10-01. The cited page uses current ownership wording with the full name. Homepage lists tree trimming, removal, stump grinding, and certified arborist services, plus the Des Moines street, phone, and info@thetreeserviceia.com. About page titles Brian Green Owner & Lead Arborist and says he leads the team. The phone is under Contact Information and is  The about-page image text calls Brian Green Owner and Lead Certified Arborist. The same page also says he founded the co",2026-10-01
Ken's Tree Service,3922 67th St,Urbandale,IA,Tree care,https://kenstreecaredsm.com/,Randy Popkes,Owner,OWNER_VERIFIED,https://www.bbb.org/us/ia/urbandale/profile/tree-service/kens-tree-service-0664-32040579,"Business Management: Randy Popkes, Owner",(515) 249-4434,,PHONE_ONLY,COMPANY_QUALIFIED,https://www.bbb.org/us/ia/urbandale/category/tree-service/accredited,"3922 67th St, Urbandale, IA50322-2720 (515) 249-4434",YES,Potential fit for a local field-trade business. Not a sourced statement that the company needs to sell.,"Coordinator re-audit 2026-10-01. The cited page uses current ownership wording with the full name. BBB tree-service category lists the Urbandale street and phone. The profile says Ken's Tree Service provides tree care and maintenance, including tree removal, pruning, and trimming, and labels Randy Popkes as Owner of this sole proprietorship. Visit Website is kenstreecaredsm.co",2026-10-01
Kingdom Tree Service,2704 70th St,Urbandale,IA,Tree care,,John R Stokka,Owner/Operator,OWNER_VERIFIED,https://www.bbb.org/us/ia/urbandale/profile/tree-service/kingdom-tree-service-0664-32159450,"John R Stokka, Owner/Operator",(515) 567-5543,,PHONE_ONLY,COMPANY_QUALIFIED,https://www.bbb.org/us/ia/urbandale/category/tree-service/accredited,"2704 70th St, Urbandale, IA50322 (515) 567-5543",YES,Potential fit for a local field-trade business. Not a sourced statement that the company needs to sell.,"Coordinator re-audit 2026-10-01. The cited page uses current ownership wording with the full name. BBB category lists the Urbandale street and phone. The profile says it is a locally owned business in Urbandale and describes tree removal, trimming and pruning, and stump grinding. John R Stokka is labeled Owner/Operator. The Visit Website link is a Facebook page, so website and",2026-10-01
Dirty 30 Excavating & Trucking LLC,3018 Lawnview Dr.,Des Moines,IA,Excavation and grading,,Kirkland Davidson,Owner,OWNER_VERIFIED,https://members.agcia.org/active-member-directory/Details/dirty-30-excavating-trucking-llc-2483454,Kirkland Davidson Owner,(515) 669-5823,,PHONE_ONLY,COMPANY_QUALIFIED,https://members.agcia.org/active-member-directory/Details/dirty-30-excavating-trucking-llc-2483454,"3018 Lawnview Dr., Des Moines, IA, 50310. Heavy highway, revetment, grading, trucking, land clearing, and pipe culverts.",YES,Potential fit for a local field-trade business. Not a sourced statement that the company needs to sell.,"Coordinator re-audit 2026-10-01. The cited page uses current ownership wording with the full name. AGC of Iowa detail page lists the company under Grading & Underground Utilities, the street 3018 Lawnview Dr., Des Moines, IA 50310, and phone (515) 669-5823. The about text covers grading, land clearing, and pipe culverts, and the company name is Excavating. Primary contact is K",2026-10-01
Holzworth Concrete Construction LLC,1730 All State Ct Ste 100,West Des Moines,IA,Concrete,https://www.holzworthconcrete.com/,Victor M Holzworth,Owner,OWNER_VERIFIED,https://www.bbb.org/us/ia/west-des-moines/profile/concrete-contractors/holzworth-concrete-construction-llc-0664-32051613,"Business Management:Victor M Holzworth, Owner",(515) 490-5044,,PHONE_ONLY,COMPANY_QUALIFIED,https://www.bbb.org/us/ia/west-des-moines/category/concrete-contractors,"Holzworth Concrete Construction LLC (515) 490-5044 1730 All State Ct Ste 100, West Des Moines, IA50265-5135",YES,Potential fit for a local field-trade business. Not a sourced statement that the company needs to sell.,"Coordinator re-audit 2026-10-01. The cited page uses current ownership wording with the full name. BBB West Des Moines concrete contractors category page prints the All State Court street and phone. BBB profile says the company offers concrete, concrete flatwork, decorative concrete and construction services, lists Visit Website https://www.holzworthconcrete.com/, and names Vi",2026-10-01
"Grimm Concrete Services, Inc.",6895 NW 93rd Ct,Johnston,IA,Concrete,https://grimmconcreteservices.com/,Jamie Grimm,Owner,OWNER_VERIFIED,https://www.bbb.org/us/ia/johnston/profile/concrete/grimm-concrete-services-inc-0664-32136617,"Business Management: Jamie Grimm, Owner",(515) 240-1922,,PHONE_ONLY,COMPANY_QUALIFIED,https://www.bbb.org/us/ia/grimes/category/concrete-contractors,"Grimm Concrete Services, Inc. Concrete, Concrete Contractors (515) 240-1922 6895 NW 93rd Ct, Johnston, IA50131-1844",YES,Potential fit for a local field-trade business. Not a sourced statement that the company needs to sell.,"Coordinator re-audit 2026-10-01. The cited page uses current ownership wording with the full name. Official site says the company is based out of Johnston, Iowa and specializes in concrete flatwork: new and tear-out, residential and commercial. That page does not print a street address or email. BBB concrete-contractors category page prints the Johnston street and phone. BBB p",2026-10-01
Top Gun Contractors Of Grimes,1905 NE Park Dr,Grimes,IA,Remodeling and roofing,https://www.tgcofgrimes.com/,Thomas Walker,Owner,OWNER_VERIFIED,https://www.bbb.org/us/ia/grimes/profile/remodel-contractors/top-gun-contractors-of-grimes-0664-32138094,"Business Management: Thomas Walker, Owner",(515) 418-6408,,PHONE_ONLY,COMPANY_QUALIFIED,https://www.bbb.org/us/ia/grimes/category/remodel-contractors,"Top Gun Contractors Of Grimes (515) 418-6408 1905 NE Park Dr, Grimes, IA50111-4793",YES,Potential fit for a local field-trade business. Not a sourced statement that the company needs to sell.,"Coordinator re-audit 2026-10-01. The cited page uses current ownership wording with the full name. BBB profile says the company provides roofing and construction services, including basement remodeling, drywall installation, and concrete work, and lists Concrete and Patios in products. BBB remodel category page prints the Grimes street and (515) 418-6408. Profile also lists Ot",2026-10-01
True Construction Services,1955 NE 58th Ave Suite 202,Des Moines,IA,Construction and remodeling,https://trueconstructiondsm.com/,Francisco Trujillo,Owner,OWNER_VERIFIED,https://trueconstructiondsm.com/,"Francisco Trujillo, Owner",515-642-1747,,PHONE_ONLY,COMPANY_QUALIFIED,https://serviceagent.ai/directory/iowa/des-moines/construction/select-construction-remodeling-llc/,"1955 NE 58th Ave Suite 202, Des Moines, IA 50313. (515) 642-1747",YES,Potential fit for a local field-trade business. Not a sourced statement that the company needs to sell.,"Coordinator re-audit 2026-10-01. The cited page uses current ownership wording with the full name. Homepage says the company is a residential and commercial general contractor and Your Trusted Construction & Remodeling Partner in Des Moines, and it names Francisco Trujillo, Owner. The page title prints 515-642-1747 and the page has a Call Now link; the number is not labeled ce The street and phone are printed on the directory listing next to the company name. The owner sentence is on the company",2026-10-01
A New Look Exteriors,"1980 NW 94th St., Ste. H",Clive,IA,Siding and exteriors,http://www.anewlook.net/,Justin Williams,Owner,OWNER_VERIFIED,https://businesses.uniquelyurbandale.com/members/member/a-new-look-exteriors-10003,Justin Williams Owner - A New Look Exteriors,(515) 276-1900,,PHONE_ONLY,COMPANY_QUALIFIED,https://businesses.uniquelyurbandale.com/members/member/a-new-look-exteriors-10003,"1980 NW 94th St., Ste. H, Clive, IA 50325. (515) 276-1900. Categories include Contractors/General and Contractors/Remodeling.",YES,Potential fit for a local field-trade business. Not a sourced statement that the company needs to sell.,"Coordinator re-audit 2026-10-01. The cited page uses current ownership wording with the full name. Urbandale Chamber member page names Justin Williams, Owner, and prints the Clive street and phone. Categories include general contracting and remodeling; the about text also describes roofing and window installation. No email address was printed. The phone is not labeled cell. Th",2026-10-01
FE Remodeling LLC,1948 NW 92nd Court,Clive,IA,Remodeling,https://www.feremodeling.com/,Ermin Fetic and Semir Fetic,Owner,OWNER_VERIFIED,https://www.bbb.org/us/ia/clive/profile/remodeling/fe-remodeling-llc-0664-32055777,"Business Management: Ermin Fetic, Owner. Semir Fetic, Owner.",(515) 559-6371,feremodeling@gmail.com,PHONE_AND_EMAIL,COMPANY_QUALIFIED,https://www.feremodeling.com/contact,"FE Remodeling LLC, 1948 NW 92nd Court, Clive, Iowa 50325 USA. (515) 559-6371. Our home remodeling and construction crews.",YES,Potential fit for a local field-trade business. Not a sourced statement that the company needs to sell.,"Coordinator re-audit 2026-10-01. The cited page uses current ownership wording with the full name. Contact page prints the Clive street, (515) 559-6371 and (515) 559-6299, and mailto feremodeling@gmail.com. Neither number is labeled cell; the stored phone is (515) 559-6371. BBB business management lists Ermin Fetic, Owner and Semir Fetic, Owner. The company site describes remo",2026-10-01
Bryan Companies,11364 Meredith Dr.,Urbandale,IA,Remodeling and exteriors,https://trustbryan.com/,Marc Bryan and Troy Bryan,Co Owner,OWNER_VERIFIED,https://businesses.uniquelyurbandale.com/members/member/bryan-companies-11395,Marc Bryan Co Owner. Troy Bryan Co Owner.,(515) 664-8520,,PHONE_ONLY,COMPANY_QUALIFIED,https://businesses.uniquelyurbandale.com/members/member/bryan-companies-11395,11364 Meredith Dr. Urbandale IA 50322 (515) 664-8520,YES,Potential fit for a local field-trade business. Not a sourced statement that the company needs to sell.,"Coordinator re-audit 2026-10-01. The cited page uses current ownership wording with the full name. Urbandale Chamber card lists the street, phone, and https://trustbryan.com/. Categories include Contractors/Remodeling and Contractors/Kitchen & Bath. The about text says they specialize in roofing, siding, flooring, kitchens, bathrooms, custom showers, and cabinetry. Marc Bryan ",2026-10-01
Patterson Homes & Remodeling,2312 NE 11th St,Grimes,IA,Custom homes and remodeling,https://www.pattersonhomesdsm.com/,Josh Patterson,Locally owned and operated by,OWNER_VERIFIED,https://www.pattersonhomesdsm.com/about-us.php,"Patterson Homes and Remodeling is locally owned and operated by Josh Patterson of Grimes, Iowa.",(515) 238-9064,,PHONE_ONLY,COMPANY_QUALIFIED,https://www.pattersonhomesdsm.com/,"Patterson Homes & Remodeling, 2312 NE 11th St, Grimes, IA 50111, (515) 238-9064. Experts in Custom Homes & Remodeling.",YES,Potential fit for a local field-trade business. Not a sourced statement that the company needs to sell.,"Coordinator re-audit 2026-10-01. The cited page uses current ownership wording with the full name. Official site lists the Grimes street and business phone and offers custom homes plus kitchen, bathroom, basement, and exterior remodeling. About page description says Josh Patterson, owner, and the visible text says the company is locally owned and operated by Josh Patterson. No The about page says the company is locally owned and operated by Josh Patterson.",2026-10-01
"The Restoration Company, LLC","6205 Mills Civic Parkway, Suite 201",West Des Moines,IA,Water mitigation and restoration,https://www.therestorationcompanies.com/,Brandon Ulrich,Owner,OWNER_VERIFIED,https://www.bbb.org/us/ia/west-des-moines/profile/water-mitigation/the-restoration-company-llc-0664-32133196,"Business Management: Brandon Ulrich, Owner",(515) 444-8413,office@515trc.com,PHONE_AND_EMAIL,COMPANY_QUALIFIED,https://www.therestorationcompanies.com/,"6205 Mills Civic Parkway Suite 201 West Des Moines, IA 50266. Water and flood damage restoration. Main: (515) 444-8413. office@515trc.com.",YES,Potential fit for a local field-trade business. Not a sourced statement that the company needs to sell.,"Coordinator re-audit 2026-10-01. The cited page uses current ownership wording with the full name. Official homepage lists the West Des Moines street and water and flood damage restoration, and labels the phone Main. BBB profile names Brandon Ulrich, Owner. The site says Locally and Veteran Owned and does not repeat the owner name. Not a national chain. Not listed in priority_",2026-10-01
MacPro Restore,"5550 Wild Rose Ln, Ste 400",West Des Moines,IA,Water and mold restoration,https://www.macprorestore.com/,Clinton McElwee,Owner,OWNER_VERIFIED,https://www.macprorestore.com/,Clinton McElwee - Owner,(515) 257-6578,cmcelwee@macprorestore.com,PHONE_AND_EMAIL,COMPANY_QUALIFIED,https://www.macprorestore.com/,"Water Damage Restoration & Mold Remediation. Address: 5550 Wild Rose Ln, Ste 400, West Des Moines, IA 50266. Phone: (515) 257-6578.",YES,Potential fit for a local field-trade business. Not a sourced statement that the company needs to sell.,"Coordinator re-audit 2026-10-01. The cited page uses current ownership wording with the full name. Homepage names Clinton McElwee, Owner, and lists water, mold, and fire restoration at the West Des Moines street. The phone line is labeled Phone. The contact email link is mailto:cmcelwee@macprorestore.com. A line says Coming to St Louis, MO July 2026; the published street remai",2026-10-01
MPT Plumbing LLC,4616 147th St,Urbandale,IA,Plumbing,https://mptplumbing.com/,Justin Tigges,Owner,OWNER_VERIFIED,https://www.bbb.org/us/ia/urbandale/profile/plumber/mpt-plumbing-llc-0664-32100174,"Business Management:Justin Tigges, Owner",(515) 778-6777,,PHONE_ONLY,COMPANY_QUALIFIED,https://www.bbb.org/us/ia/urbandale/category/plumber,"MPT Plumbing LLC Plumber, Sewer Contractors (515) 778-6777 4616 147th St, Urbandale, IA50323-2468",YES,Potential fit for a local field-trade business. Not a sourced statement that the company needs to sell.,"Coordinator re-audit 2026-10-01. The cited page uses current ownership wording with the full name. BBB Urbandale plumber category lists this street, phone, and Plumber, Sewer Contractors. The BBB profile lists plumbing and sewer work, including Plumbing Remodels and Sewer Mains, and names Justin Tigges as Owner. The profile links https://mptplumbing.com/. That site was not fet",2026-10-01
Nico Construction LLC,1168 Woodland Ave,Cumming,IA,Home building and remodeling,https://www.nicoconstructioniowa.com/,Nico Pilipovic,Owner,OWNER_VERIFIED,https://www.nicoconstructioniowa.com/about/,"Meet Nico Pilipovic, owner, master builder, and the heart of Nico Construction.",(515) 210-3340,,PHONE_ONLY,COMPANY_QUALIFIED,https://www.bbb.org/us/ia/norwalk/category/home-builders,"Nico Construction LLC. Home Builders, Remodeling. (515) 210-3340. 1168 Woodland Ave, Cumming, IA 50061-8501.",YES,Potential fit for a local field-trade business. Not a sourced statement that the company needs to sell.,"Coordinator re-audit 2026-10-01. The cited page uses current ownership wording with the full name. BBB home-builders page near Norwalk lists Nico Construction LLC at 1168 Woodland Ave, Cumming, IA 50061-8501, with categories Home Builders and Remodeling and phone (515) 210-3340. The official site describes custom home building. The about page names Nico Pilipovic as owner. The",2026-10-01
Construction by Cambron,821 South G. Street,Indianola,IA,Construction and remodeling,https://www.constructionbycambron.com/,Ryan Cambron,Owner,OWNER_VERIFIED,https://www.constructionbycambron.com/contact.html,"Ryan Cambron, Owner",515-480-0985,,PHONE_ONLY,COMPANY_QUALIFIED,https://www.constructionbycambron.com/contact.html,"821 South G. Street Indianola , IA 50125 Phone: 515-480-0985",YES,Potential fit for a local field-trade business. Not a sourced statement that the company needs to sell.,"Coordinator re-audit 2026-10-01. The cited page uses current ownership wording with the full name. Homepage says the company does new construction builds for commercial and residential, as well as home improvement projects like kitchen and bath remodeling, in the Warren County area including Indianola. Contact page names Ryan Cambron, Owner, and prints 821 South G. Street, Ind",2026-10-01
JB Roofing,1410 SE Cortina Drive #108,Ankeny,IA,"Roofing, siding, and gutters",https://www.jbroofingiowa.com/,Joe Burkhart,Founder & Owner,OWNER_VERIFIED,https://www.jbroofingiowa.com/about/about-us/,"Meet the Owner – Joe Burkhart. As the owner of JB Roofing, Joe Burkhart is proud to serve the community.",(515) 554-1964,,PHONE_ONLY,COMPANY_QUALIFIED,https://www.jbroofingiowa.com/about/about-us/,"JB Roofing 1410 SE Cortina Drive #108 Ankeny, IA 50021 (515) 554-1964",YES,Potential fit for a local field-trade business. Not a sourced statement that the company needs to sell.,"Coordinator reread the about page on 2026-10-01. It says Meet the Owner and as the owner of JB Roofing for Joe Burkhart, and the same page prints the Ankeny street and phone. The phone is not labeled cell. No email was on that page.",2026-10-01
