Company,Website,City,State,Industry,Approximate Company Size Evidence,Company Phone,Qualification Status,Signals In File
"Manatt's, Inc.",https://www.manatts.com/,Brooklyn,IA,Heavy highway construction and ready-mix concrete,"Company site states 750+ employees, 1000+ trucks and equipment, and 75+ years of operation. Iowa DOT bid tabulation shows a $12,391,845.42 Polk County award at the December 16, 2025 letting.",641-522-9206,QUALIFIED,2
Beal Derkenne Construction,,Des Moines,IA,General contractor,"Building the $148 million, 33-story, 390-unit 515 Walnut tower. Co-owner said daily site manpower is 150-200 workers. February 2025 interview said the firm had previously grown past 200 employees and later refocused on Iowa with a smaller direct team.",,QUALIFIED,1
Haverkamp Group,https://www.haverkampgroup.com/,Ames,IA,Multifamily residential development,Groundbreaking of a 387-unit Ankeny community on about 28 acres purchased in August 2026 for $3.1 million. Company describes itself as a Midwestern multifamily developer.,515-255-1201,QUALIFIED,1
Elder Corporation,https://www.eldercorp.com/,Des Moines,IA,Excavation and underground utility construction,"Company history says that after Jared Elder II became majority owner in 2000 the company grew to 350+ employees. Headquarters phone 515-266-3111. Address on the history page traces the yard to Pleasant Hill, with Des Moines operations.",515-266-3111,REVIEW_REQUIRED,1
"Herberger Construction Company, Inc.",https://www.herbergerconstruction.com/,Indianola,IA,Bridge and heavy highway construction,"Third-generation bridge contractor based in Indianola since 1961. Multiple Iowa DOT awards in 2025-2026, including a $2,031,995.65 Warren County bridge replacement at the September 16, 2025 letting.",515-961-5564,REVIEW_REQUIRED,1
SJC Construction,,Waukee,IA,Construction / commercial development,"Owner said she started the company in 2015 and that the Waukee project is her first commercial development: a planned 12,000-square-foot multi-tenant building on three lots acquired the prior summer. Revenue was not stated.",,REVIEW_REQUIRED,1
Downing Construction,,Indianola,IA,General contractor and development,"Completed a 30,000-square-foot fieldhouse and an earlier multi-tenant retail center on 40 acres the company owns on the north side of Indianola. CEO since 2017.",,REVIEW_REQUIRED,1
Grimes Asphalt & Paving Corporation,https://www.rasmussengroup.com/grimesasphalt/,Des Moines,IA,Asphalt paving,"Awarded $2,411,385.75 for Polk County HMA resurfacing at the May 19, 2026 Iowa DOT letting. The public site is hosted on the Rasmussen Group domain. Leadership page lists operating executives, not an owner.",515-262-8096,REVIEW_REQUIRED,1
The Waldinger Corporation,https://www.waldinger.com/,Des Moines,IA,Mechanical contractor,"Paid $7 million for 15.5 acres and a 23,662-square-foot building at 6123 Scout Trail for a training center and corporate office space. Long-established mechanical contractor with a Des Moines office.",515-284-1911,REVIEW_REQUIRED,1
I-80 Concrete,https://i80concrete.com/,Clive,IA,Concrete,"Family-owned concrete contractor at 1444 NW 124th Ct., Clive, serving Greater Des Moines residential and commercial flatwork. No employee count or revenue was published.",515-650-4500,REVIEW_REQUIRED,1
"A.J. Allen Mechanical Contractors, Inc.",https://ajallen.com/,Des Moines,IA,Mechanical contractor,"Commercial, industrial, and institutional mechanical contractor at 320 SE 6th St., Des Moines, operating for more than 80 years. Phone 515-697-3500.",515-697-3500,REVIEW_REQUIRED,1
Baker Group,https://www.thebakergroup.com/,Ankeny,IA,"Mechanical, electrical, and specialty contractor","Full-service specialty contractor headquartered in Ankeny. Leadership page lists a chairman, CEO, and president. 2019 company announcement said an ESOP gave employees full ownership.",515-262-4000,EXCLUDED,1
Story Construction,,Ames,IA,General contractor,Ames general contractor founded in 1934 that agreed to buy the assets of Sioux City contractor L&L Builders and keep that workforce.,,EXCLUDED,1
Metro Heating & Cooling,,Des Moines,IA,HVAC,"Des Moines HVAC company founded in 1984, acquired by Johnston private equity firm Merit Management Group.",,EXCLUDED,1
Dorrian Heating & Cooling,,Waukee,IA,HVAC,Waukee HVAC company acquired by Merit Management Group. No independent size evidence in the article.,,EXCLUDED,1
Heartland Heating & Cooling,,Grimes,IA,HVAC,Grimes HVAC company acquired by Merit Management Group. No independent size evidence in the article.,,EXCLUDED,1
Swan Creek Cabinetry,,Boone,IA,Cabinetry and millwork,Boone cabinetry and millwork company described as known for handcrafted work. No employee or revenue figure in the article.,,EXCLUDED,1
Clow Valve,,Oskaloosa,IA,Waterworks manufacturing,"Greater Des Moines Partnership case study says the Oskaloosa plant's $75 million foundry expansion is meant to retain more than 400 jobs and double production. The company is described as a McWane, Inc. company.",,EXCLUDED,1
"United Contractors, Inc.",https://www.unitedcontractors.net/,Johnston,IA,Bridge and concrete structures,"Johnston bridge and structures contractor. Company history says it converted to an ESOP in 1989 and is in a third generation of family leadership, with Steve Sandquist as president. Iowa DOT tabs show a $1,648,843 Jasper County award at the November 18, 2025 letting under United Contractors Inc. and Subsidiaries.",515-276-6162,EXCLUDED,1
Excel Mechanical,https://excelmechanical.us/,Des Moines,IA,Mechanical contractor,Des Moines mechanical contractor. About page says founders sold the company to John Rounds in 2019 and that he is president/owner. Phone 515-288-1450. No 2024-2026 dated event was found.,515-288-1450,EXCLUDED,1
Strahan Construction,https://www.strahanconstruction.com/,Ankeny,IA,Custom home builder,"Company about page says Strahan Construction was founded in 1986 and has built over 800 custom homes in Ankeny, Des Moines, and surrounding areas. In July 2026 it paid $1.5 million for seven residential lots in Polk City.",515-238-7414,QUALIFIED,1
Vermeer Corporation,https://www.vermeer.com/,Pella,IA,Equipment manufacturing,"Company and Business Record reporting describe a new Bondurant manufacturing campus on about 186 acres expected to employ more than 300 people. Existing Des Moines-area operations were described in the February 20, 2026 company release as 143 people in 108,000 square feet.",,REVIEW_REQUIRED,1
Accumold,https://www.accu-mold.com/,Ankeny,IA,Precision micro molding,"September 18, 2026 Business Record report: $33.2 million project, 50,000-square-foot addition to a 130,000-square-foot Ankeny plant at 1711 SE Oralabor Road, 150 new jobs, and more than 500 employees after the hires.",,REVIEW_REQUIRED,1
Jerry's Homes Inc.,https://www.jerryshomes.com/,West Des Moines,IA,Home builder,Business Record notable-transactions report says Jerry's Homes Inc. of West Des Moines paid $1.7 million for 18 residential building lots in southeast Altoona. No employee or revenue figure was in the article.,,REVIEW_REQUIRED,1
Greenland Homes Inc.,,Granger,IA,Home builder,Business Record says Greenland Homes Inc. of Granger paid $1.7 million for 18 residential lots in southeast Altoona. No employee count or website was verified.,,REVIEW_REQUIRED,1
Romare Homes II LLC,,Ankeny,IA,Home builder,"Paid $1.5 million for 38 residential lots in Ankeny's Prairie Trail area. No employee count, website, or owner was verified.",,REVIEW_REQUIRED,1
Genesis Homes Inc.,,Johnston,IA,Home builder,"Business Record reports in 2026 show Genesis Homes Inc. selling newly built townhomes in Johnston's Ridgedale Heights, including a $3.4 million sale of 14 townhomes recorded July 15, 2026 and earlier sales of 12 and 8 townhomes.",,REVIEW_REQUIRED,1
Heart of America Group,,Des Moines,IA,Hospitality and real estate,"Founder Mike Whalen described a proposed five-story, about 70,000-square-foot East Village building with development costs he estimated at around $18 million. The company is headquartered in Moline, Illinois, with offices in Des Moines.",,REVIEW_REQUIRED,1
Black Birch Homes and Design,https://blackbirchhomes.com/,Ankeny,IA,Custom home builder,"One reported 2026 sale of a newly built 3,822-square-foot Ankeny house for $1.3 million. Company scale beyond that sale was not established.",,EXCLUDED,1
Prairieland Homes,https://prairielandhomes.com/,Ames,IA,Custom home builder,"About page says partners Jake Hanson and Joe Strotman have been building homes in central Iowa and have more than 50 years of combined experience. Address on the site: 2610 Northridge Pkwy, Suite 107, Ames, IA 50010. Phone 515-292-3479. One reported 2026 home sale was $1.4 million.",515-292-3479,EXCLUDED,1
