Company,City,State,Industry,Owner Full Name,Owner Title,Ownership Verified,Company Phone,Mailing Address,Signal Headline,Signal Date,Signal Type,Why Exit Factor,Source URL,Qualification Status,Contact Completeness,Sample Notes
Beal Derkenne Construction,Des Moines,IA,General contractor,Andy Beal,Co-owner,Yes,,,515 Walnut tower topped out in August 2026 on the way to a spring 2027 finish,2026-08-12,Growth / Complexity,"Delivering a $148 million high-rise with 150 to 200 people on site each day, while the co-owners are still directly involved in the work, is a logical time to talk about management depth, systems, and how much the company depends on its owners.",https://www.businessrecord.com/floor-by-floor-the-latest-on-the-515-walnut-tower-project/,QUALIFIED,Not Florida-complete: no company phone published; owner email not published; mobile not published,No published phone or street address captured.
Bella Homes of Iowa,Huxley,IA,Custom home builder and mixed-use development,Chris Gardner,Owner,Yes,515-201-3481,"506 E 1st, Huxley, IA 50124",Owner starting construction on the 120-acre Anthem development in Huxley,2025-02-19,Growth / Complexity,"A 120-acre project with retail, apartments, senior housing, and infrastructure at the same time adds a layer of development complexity on top of a custom-home operation, so this is a logical time to talk about project management depth, systems, and how much still runs through the owner.",https://www.businessrecord.com/construction-to-begin-on-120-acre-mixed-use-huxley-development-this-spring/,QUALIFIED,Not Florida-complete: company phone published; owner email not published; mobile not published,
Haverkamp Group,Ames,IA,Multifamily residential development,Brent Haverkamp,Founder and CEO,Yes,515-255-1201,,Broke ground on the 387-unit Sloane community in north Ankeny,2026-09-16,Growth / Complexity,"Starting a 387-unit Ankeny development right after a land purchase is a large step up in project complexity for a founder-led company, so this is a logical time to talk about management depth, project execution, and enterprise value.",https://www.businessrecord.com/haverkamp-group-breaks-ground-on-387-unit-residential-community-in-ankeny/,QUALIFIED,Not Florida-complete: company phone published; owner email not published; mobile not published,
"Manatt's, Inc.",Brooklyn,IA,Heavy highway construction and ready-mix concrete,Brian Manatt,Third-generation family partner,Yes,641-522-9206,,"Awarded $12.4 million Polk County paving contract at the December 16, 2025 Iowa DOT letting",2025-12-16,Growth / Complexity,"A $12.4 million Polk County paving award adds a large public project to a family-owned contractor that is also opening new office space, so this is a logical time to talk about capacity, management depth, systems, and enterprise value.",https://iowadot.gov/media/12841/download?inline,QUALIFIED,Not Florida-complete: company phone published; owner email not published; mobile not published,
Sage Homes,Ankeny,IA,Custom and quick move-in home builder,Chris Pickard,Owner,Yes,(515) 410-9410,"301 NE Trilein Dr, Ankeny, IA",Owner cut 2025 speculative home starts to about half the original plan,2025-12-19,Financial / Margin / Operational,"The owner personally cut the speculative building plan mid-year, so production decisions are still sitting with him. This is a logical time to talk about forecasting, systems, and how dependent the building schedule is on the owner.",https://www.businessrecord.com/will-homebuilding-rebound-in-2026/,QUALIFIED,Not Florida-complete: company phone published; owner email not published; mobile not published,
Strahan Construction,Ankeny,IA,Custom home builder,Reid Strahan,Co-Founder,Yes,515-238-7414,,Bought seven Polk City lots for $1.5 million,2026-07-16,Growth / Complexity,"Buying seven lots for the next round of custom homes adds pipeline and project load at a founder-led builder whose next generation is already president, so this is a logical time to talk about management depth, systems, and how the company runs as it grows.",https://www.businessrecord.com/notable-transactions-july-22-2026/,QUALIFIED,Not Florida-complete: company phone published; owner email not published; mobile not published,
"A.J. Allen Mechanical Contractors, Inc.",Des Moines,IA,Mechanical contractor,Mark W. Allen,President; family owner,Partial,515-697-3500,,"Fourth-generation family members are working in the company, but no event date was published",,Succession / Transition,"A next generation working in a family mechanical contractor can be relevant to succession, but without a dated event this stays in review.",https://ajallen.com/our-history/,REVIEW_REQUIRED,Not Florida-complete: company phone published; owner email not published; mobile not published,Do not treat the named person as the owner until a source says so.
Elder Corporation,Des Moines,IA,Excavation and underground utility construction,Jared Elder II,Majority owner and President,Yes,515-266-3111,,"Awarded a $767,428 Dallas County contract at the December 16, 2025 Iowa DOT letting",2025-12-16,Financial / Operational,"A new public-contract award adds work to the backlog of a family-owned excavation company, which can be a practical time to talk about capacity, staffing, and how the business runs beyond the owner.",https://iowadot.gov/media/12841/download?inline,REVIEW_REQUIRED,Not Florida-complete: company phone published; owner email not published; mobile not published,
Grimes Asphalt & Paving Corporation,Des Moines,IA,Asphalt paving,,,No,515-262-8096,,"Awarded $2.41 million Polk County HMA resurfacing contract on May 19, 2026",2026-05-19,Financial / Operational,"A multi-million-dollar resurfacing award is a real backlog event, and it becomes an owner-level conversation once the person who owns Grimes Asphalt or Rasmussen Group is confirmed.",https://iowadot.gov/media/14294/download?inline,REVIEW_REQUIRED,Not Florida-complete: company phone published; owner email not published; mobile not published,Do not treat the named person as the owner until a source says so.
Heart of America Group,Des Moines,IA,Hospitality and real estate,Mike Whalen,"Founder, president and CEO",Yes,,,Proposed an $18 million East Village headquarters building,2026-06-08,Growth / Complexity,"Moving headquarters space into a new Des Moines building is a real complexity step for a founder-led company, but the core business is hospitality and the headquarters today is in Moline.",https://www.businessrecord.com/heart-of-america-group-proposes-east-village-site-for-new-headquarters/,REVIEW_REQUIRED,Not Florida-complete: no company phone published; owner email not published; mobile not published,No published phone or street address captured.
"Herberger Construction Company, Inc.",Indianola,IA,Bridge and heavy highway construction,,,Partial,515-961-5564,,"Awarded a $2.03 million Warren County bridge replacement at the September 16, 2025 letting",2025-09-16,Financial / Operational,"A multi-million-dollar bridge award is a concrete capacity event for a family-owned contractor, and it is a logical time to talk about backlog, crews, and management depth once the current owner is confirmed.",https://iowadot.gov/media/12382/download?inline,REVIEW_REQUIRED,Not Florida-complete: company phone published; owner email not published; mobile not published,Do not treat the named person as the owner until a source says so.
I-80 Concrete,Clive,IA,Concrete,Mark McDonough,Owner,Partial,515-650-4500,,No dated 2024-2026 operating event was found,,Owner Dependence / Institutionalization,Family ownership alone is not a reason to call. This stays in review until a current business event is documented.,https://i80concrete.com/about/,REVIEW_REQUIRED,Not Florida-complete: company phone published; owner email not published; mobile not published,Do not treat the named person as the owner until a source says so.
Keen Project Solutions,Ankeny,IA,"Engineering, procurement, and construction",Dustin Waters,Founder and president,Yes,,,"Founders split president, business-development, and project-development roles",2025-07-24,Management Delegation,"Three founders just divided the presidency from business development and project development, which is a concrete step toward management depth. This is a logical time to talk about whether those roles, and the systems under them, can run without the founders in every decision.",https://www.businessrecord.com/keen-project-solutions-names-new-president/,REVIEW_REQUIRED,Not Florida-complete: no company phone published; owner email not published; mobile not published,No published phone or street address captured.
SJC Construction,Waukee,IA,Construction / commercial development,Steffaney Cronin,Owner,Yes,,,"Owner planning a 12,000-square-foot building in the Waukee Village District",2025-02-12,Growth / Complexity,"Moving from smaller work into a first commercial development adds project and leasing complexity for an owner-operated builder, so this is a logical time to talk about systems and how the business performs as it takes on larger work.",https://www.businessrecord.com/warm-fuzzy-childhood-memories-inspire-builders-waukee-village-district-development/,REVIEW_REQUIRED,Not Florida-complete: no company phone published; owner email not published; mobile not published,No published phone or street address captured.
Stanbrough Realty Company,Urbandale,IA,Commercial real estate development and property management,Jeff Stanbrough,Owner/operator,Yes,(515) 334-3345,"2775 86th Street, Urbandale, IA 50322",Historic renovation of the Davidson building underway after a 2024 fire,2026-07-31,Growth / Complexity,"A full-building historic renovation sits on top of a 41-person property-management company, so this is a logical time to talk about project load, systems, and how much of the development work still depends on the owner.",https://www.businessrecord.com/davidson-building-fire-sets-jeff-stanbrough-on-an-unexpected-restoration-path/,REVIEW_REQUIRED,Not Florida-complete: company phone published; owner email not published; mobile not published,"Outside the core HVAC, plumbing, electrical, and field-trade list."
The Waldinger Corporation,Des Moines,IA,Mechanical contractor,,,No,515-284-1911,,Bought a southwest Des Moines property for a training center and corporate office,2026-06-03,Growth / Complexity,"Buying a training and office property is a facilities investment that can matter for management depth, but the record stays in review until a current owner is verified.",https://www.businessrecord.com/notable-transactions-waldinger-acquires-scout-property-in-southwest-des-moines/,REVIEW_REQUIRED,Not Florida-complete: company phone published; owner email not published; mobile not published,Do not treat the named person as the owner until a source says so.
Walk Your Plans,Grimes,IA,Construction design visualization studio,James Machamer,President and co-owner,Yes,,"1500 S.E. 19th St., Suite 255, Grimes, IA","Opened a Grimes studio on June 9, 2025",2025-06-09,Growth / Complexity,"A new local studio means the owners are standing up a second operating location with its own client workflow. This is a logical time to talk about systems and how much of that studio still depends on the two local partners, once scale is clearer.",https://www.businessrecord.com/grimes-companys-technology-helps-find-design-changes-before-construction-begins/,REVIEW_REQUIRED,Not Florida-complete: no company phone published; owner email not published; mobile not published,"Outside the core HVAC, plumbing, electrical, and field-trade list."
