Owner Full Name,Owner First Name,Owner Last Name,Owner Title,Ownership Verified,Owner LinkedIn,Owner Email,Owner Phone,Company,Company Phone
Brian Manatt,Brian,Manatt,Third-generation family partner,Yes,,,,"Manatt's, Inc.",641-522-9206
Andy Beal,Andy,Beal,Co-owner,Yes,,,,Beal Derkenne Construction,
Brent Haverkamp,Brent,Haverkamp,Founder and CEO,Yes,,,,Haverkamp Group,515-255-1201
Jared Elder II,Jared,Elder,Majority owner and President,Yes,,,,Elder Corporation,515-266-3111
Steffaney Cronin,Steffaney,Cronin,Owner,Yes,,,,SJC Construction,
Mark McDonough,Mark,McDonough,Owner,Partial,,,,I-80 Concrete,515-650-4500
Mark W. Allen,Mark,Allen,President; family owner,Partial,,,,"A.J. Allen Mechanical Contractors, Inc.",515-697-3500
John Rounds,John,Rounds,President/Owner,Yes,,,,Excel Mechanical,515-288-1450
Reid Strahan,Reid,Strahan,Co-Founder,Yes,,,,Strahan Construction,515-238-7414
Jason Andringa,Jason,Andringa,"President and CEO, third-generation family member",Partial,,,,Vermeer Corporation,
Roger Hargens,Roger,Hargens,CEO,Partial,,,,Accumold,
Mike Whalen,Mike,Whalen,"Founder, president and CEO",Yes,,,,Heart of America Group,
Brooks Rolling,Brooks,Rolling,Co-founder,Yes,,,,Black Birch Homes and Design,
Jake Hanson,Jake,Hanson,Partner,Yes,,,,Prairieland Homes,515-292-3479
Chris Pickard,Chris,Pickard,Owner,Yes,,,,Sage Homes,(515) 410-9410
Chris Gardner,Chris,Gardner,Owner,Yes,,,,Bella Homes of Iowa,515-201-3481
Dustin Waters,Dustin,Waters,Founder and president,Yes,,,,Keen Project Solutions,
Reid Tamisiea,Reid,Tamisiea,Managing principal and president,No,,,,Next Phase Development LLC,
James Machamer,James,Machamer,President and co-owner,Yes,,,,Walk Your Plans,
Jeff Stanbrough,Jeff,Stanbrough,Owner/operator,Yes,,,,Stanbrough Realty Company,(515) 334-3345
