Company,Website,City,State,Industry,Approximate Company Size Evidence,Owner First Name,Owner Last Name,Owner Full Name,Owner Title,Ownership Verified,Owner LinkedIn,Owner Email,Owner Phone,Company Phone,Signal Type,Signal Headline,Signal Explanation,Why Exit Factor,Signal Date,Source URL,Source Title,Evidence Excerpt,Secondary Source URL,Research Date,Qualification Status,Review Notes,Exclusion Reason
"Manatt's, Inc.",https://www.manatts.com/,Brooklyn,IA,Heavy highway construction and ready-mix concrete,"Company site states 750+ employees, 1000+ trucks and equipment, and 75+ years of operation. Iowa DOT bid tabulation shows a $12,391,845.42 Polk County award at the December 16, 2025 letting.",Brian,Manatt,Brian Manatt,Third-generation family partner,Yes,,,,641-522-9206,Growth / Complexity,"Awarded $12.4 million Polk County paving contract at the December 16, 2025 Iowa DOT letting","Iowa DOT bid tabulations for the December 16, 2025 letting list Manatt's, Inc. as a bidding contractor on Polk County contract work with a project award amount of $12,391,845.42 for PCC pavement grade-and-new work. The company is family-owned and led by third-generation partners, and in 2025 it also opened a new 10,000-square-foot office in Ankeny.","A $12.4 million Polk County paving award adds a large public project to a family-owned contractor that is also opening new office space, so this is a logical time to talk about capacity, management depth, systems, and enterprise value.",2025-12-16,https://iowadot.gov/media/12841/download?inline,12/16/25 Bid Tabulations,"Letting Date: December 16, 2025. Primary County: POLK. Award context in the tabulation lists MANATT'S, INC. on Polk County PCC pavement grade-and-new work with Prj Awd Amt of $12,391,845.42.",https://www.manatts.com/our-story,2026-09-30,QUALIFIED,Primary signal for this company. Co-owners named on the company timeline as the third-generation partnership include Adam Manatt and Greg Manatt; the 2014 transition text also named Tony Manatt. Brian Manatt is listed with Manatt's on the AGC of Iowa board (https://www.agcia.org/board-of-directors/). A separate 2025 Ankeny office opening is kept as an additional signal row and is not the primary record. Work-type text was taken from the tabulation extract; contract identifier in the extract was 25-77.,
"Manatt's, Inc.",https://www.manatts.com/,Brooklyn,IA,Heavy highway construction and ready-mix concrete,"Company timeline and about page: 750+ employees and 1000+ fleet units; new 10,000 sq. ft. Ankeny office in 2025.",Brian,Manatt,Brian Manatt,Third-generation family partner,Yes,,,,641-522-9206,Growth / Complexity,"Opened a new 10,000-square-foot office in Ankeny in 2025","Manatt's published timeline says that in 2025 the company continued major reinvestments in its fleet, facilities, and equipment and opened a new 10,000-square-foot office in Ankeny. The same page says the company remains family-owned under third-generation leadership.","Opening a new Ankeny office while reinvesting in fleet and facilities makes the business more complex, so this is a logical time to talk about management depth, systems, and making the company less dependent on the owning family.",2025,https://www.manatts.com/our-story,Our Story | Manatt's,"2025 Manatt's continues major reinvestments in its fleet, facilities, and equipment to support long-term growth and better serve its customers. A new 10,000 sq. ft. office space opens in Ankeny, IA.",https://www.agcia.org/board-of-directors/,2026-09-30,QUALIFIED,"Second distinct event for the same company. Not selected for qualified_250.csv because the December 16, 2025 DOT award is the stronger dated signal. Month of the office opening was not stated; year 2025 is preserved.",
Beal Derkenne Construction,,Des Moines,IA,General contractor,"Building the $148 million, 33-story, 390-unit 515 Walnut tower. Co-owner said daily site manpower is 150-200 workers. February 2025 interview said the firm had previously grown past 200 employees and later refocused on Iowa with a smaller direct team.",Andy,Beal,Andy Beal,Co-owner,Yes,,,,,Growth / Complexity,515 Walnut tower topped out in August 2026 on the way to a spring 2027 finish,"On August 12, 2026, the Business Record reported that the top floor of the 515 Walnut tower was complete, roof components were being installed, and the tower crane was coming down. Andy Beal, identified in the article as co-owner of Beal Derkenne Construction, said 150 to 200 workers are on site daily and interior trades are stacked from the lower floors through level 30. Completion is paced for spring 2027.","Delivering a $148 million high-rise with 150 to 200 people on site each day, while the co-owners are still directly involved in the work, is a logical time to talk about management depth, systems, and how much the company depends on its owners.",2026-08-12,https://www.businessrecord.com/floor-by-floor-the-latest-on-the-515-walnut-tower-project/,Floor-by-floor: The latest on the 515 Walnut Tower project,"With the top floor of the 515 Walnut Tower recently completed, work is continuing to finish the installation of major components on the roof before the tower crane is dismantled, said Andy Beal, co-owner of Beal Derkenne Construction.",https://www.businessrecord.com/meet-the-owners-of-beal-derkenne-construction-the-company-working-on-the-33-story-515-walnut-tower-project/,2026-09-30,QUALIFIED,"Michael Derkenne is also a co-owner, confirmed in the February 7, 2025 Business Record interview. That interview also states the owners still do estimating, scheduling, and client meetings themselves. No public company website or direct phone was verified, so those fields are blank. Do not describe the owners as wanting to sell.",
Haverkamp Group,https://www.haverkampgroup.com/,Ames,IA,Multifamily residential development,Groundbreaking of a 387-unit Ankeny community on about 28 acres purchased in August 2026 for $3.1 million. Company describes itself as a Midwestern multifamily developer.,Brent,Haverkamp,Brent Haverkamp,Founder and CEO,Yes,,,,515-255-1201,Growth / Complexity,Broke ground on the 387-unit Sloane community in north Ankeny,"On September 16, 2026, the Business Record reported that Ames-based Haverkamp Group broke ground on the Sloane, a 387-unit mix of apartments, stacked flats, and townhomes on about 28 acres in north Ankeny. The company bought the land in August 2026 for $3.1 million. Brent Haverkamp is identified as founder and CEO.","Starting a 387-unit Ankeny development right after a land purchase is a large step up in project complexity for a founder-led company, so this is a logical time to talk about management depth, project execution, and enterprise value.",2026-09-16,https://www.businessrecord.com/haverkamp-group-breaks-ground-on-387-unit-residential-community-in-ankeny/,Haverkamp Group breaks ground on 387-unit residential community in Ankeny,"Ames-based Haverkamp Group recently celebrated the groundbreaking of the Sloane, a new 387-unit residential community in north Ankeny. ... said Brent Haverkamp, founder and CEO of Haverkamp Group.",https://www.haverkampgroup.com/,2026-09-30,QUALIFIED,"Ames headquarters with the active project in Ankeny, inside the Greater Des Moines market. Founder title is the ownership basis. info@haverkampgroup.com is a company inbox and was not recorded as a personal owner email. Exact groundbreaking day within September 2026 was not stated; the article date is September 16, 2026.",
Elder Corporation,https://www.eldercorp.com/,Des Moines,IA,Excavation and underground utility construction,"Company history says that after Jared Elder II became majority owner in 2000 the company grew to 350+ employees. Headquarters phone 515-266-3111. Address on the history page traces the yard to Pleasant Hill, with Des Moines operations.",Jared,Elder,Jared Elder II,Majority owner and President,Yes,,,,515-266-3111,Financial / Operational,"Awarded a $767,428 Dallas County contract at the December 16, 2025 Iowa DOT letting","The December 16, 2025 Iowa DOT bid tabulation lists Elder Corp. as the awarded vendor on Dallas County contract 25-7957-606 for $767,428.00. A separate Polk County line in the same letting was $48,100. The project-type line in the text extract was fragmented, so the scope is not described beyond the award itself.","A new public-contract award adds work to the backlog of a family-owned excavation company, which can be a practical time to talk about capacity, staffing, and how the business runs beyond the owner.",2025-12-16,https://iowadot.gov/media/12841/download?inline,12/16/25 Bid Tabulations,"Letting Date: December 16, 2025. Awarded Vendor: ELDER CORP. County: DALLAS. Amount: $767,428.00. Contract: 25-7957-606.",https://www.eldercorp.com/our-history,2026-09-30,REVIEW_REQUIRED,"Ownership is verified: history page states 'In 2000, Jared Elder II (J.) took over as majority owner.' The contract is real, but $767,428 may be routine for a firm the site says grew to 350+ employees, and the work description did not extract cleanly. Held out of the primary qualified file until the project scope is confirmed from the PDF page.",
"Herberger Construction Company, Inc.",https://www.herbergerconstruction.com/,Indianola,IA,Bridge and heavy highway construction,"Third-generation bridge contractor based in Indianola since 1961. Multiple Iowa DOT awards in 2025-2026, including a $2,031,995.65 Warren County bridge replacement at the September 16, 2025 letting.",,,,,Partial,,,,515-961-5564,Financial / Operational,"Awarded a $2.03 million Warren County bridge replacement at the September 16, 2025 letting","Iowa DOT bid tabulations list Herberger Constr. Co., Inc. as awarded vendor on Warren County contract 91-C091-137, bridge replacement (PPCB) over the North River, for $2,031,995.65 at the September 16, 2025 letting. The company site says it is a third-generation, family-owned bridge builder in Indianola. The about page does not name the current individual owner.","A multi-million-dollar bridge award is a concrete capacity event for a family-owned contractor, and it is a logical time to talk about backlog, crews, and management depth once the current owner is confirmed.",2025-09-16,https://iowadot.gov/media/12382/download?inline,9/16/25 Bid Tabulations,"Letting Date: September 16, 2025. Awarded vendor HERBERGER CONSTR. CO., INC. County WARREN. Amount $2,031,995.65. Work: BRIDGE REPLACEMENT - PPCB. Location includes Over NORTH RIVER.",https://www.herbergerconstruction.com/about-us/,2026-09-30,REVIEW_REQUIRED,"Family ownership is explicit: 'A third generation company with two sets of twin brothers across multiple generations, Herberger's family-owned quality workmanship...' Phone 515-961-5564 is published on the company contact page. Do not enter qualified_250 until a current named owner is verified. Additional 2025-2026 awards exist and were not split into extra signals.",
SJC Construction,,Waukee,IA,Construction / commercial development,"Owner said she started the company in 2015 and that the Waukee project is her first commercial development: a planned 12,000-square-foot multi-tenant building on three lots acquired the prior summer. Revenue was not stated.",Steffaney,Cronin,Steffaney Cronin,Owner,Yes,,,,,Growth / Complexity,"Owner planning a 12,000-square-foot building in the Waukee Village District","On February 12, 2025, the Business Record profiled Steffaney Cronin, owner of SJC Construction, who acquired three Waukee Village District lots, including the former Jerry's Barber Shop at 420 Sixth St., and plans a 12,000-square-foot multi-tenant building. She hoped to start construction in spring 2025. This was described as her first commercial development.","Moving from smaller work into a first commercial development adds project and leasing complexity for an owner-operated builder, so this is a logical time to talk about systems and how the business performs as it takes on larger work.",2025-02-12,https://www.businessrecord.com/warm-fuzzy-childhood-memories-inspire-builders-waukee-village-district-development/,"Warm, fuzzy childhood memories inspire builder's Waukee Village District development","A drawing of a new building that Steffaney Cronin, owner of SJC Construction, has planned for Waukee's Village District... Cronin said she plans to build a 12,000-square-foot building.",,2026-09-30,REVIEW_REQUIRED,Ownership and the development plan are source-backed. Scale against the $1M+ operating bar is not established: the article describes a company started in 2015 whose first commercial project was still planned. sjcconstruction.com is a Houston firm and was not used. No local website or phone was verified.,
Downing Construction,,Indianola,IA,General contractor and development,"Completed a 30,000-square-foot fieldhouse and an earlier multi-tenant retail center on 40 acres the company owns on the north side of Indianola. CEO since 2017.",,,,,No,,,,,Growth / Complexity,Completed the Iowa Suns fieldhouse and is planning more buildings on 40 acres in Indianola,"On April 15, 2026, the Business Record reported that Indianola-based Downing Construction completed the 30,000-square-foot Iowa Suns fieldhouse, the second project in the Commons at Summercrest on 40 acres the company owns. CEO Joe Butler said the company plans more multi-tenant buildings and is open to developing or selling ground. He referred to 'my partners at Downing Construction' but the article does not say he is an owner.","A finished fieldhouse plus more planned buildings on company-owned land is a real growth step, and it will be relevant to an owner conversation once the current owners are identified.",2026-04-15,https://www.businessrecord.com/downing-construction-looks-to-iowa-suns-fieldhouse-to-kickstart-further-growth-in-indianola/,Downing Construction looks to Iowa Suns fieldhouse to kickstart further growth in Indianola,"Today, he's the CEO of Indianola-based Downing Construction, which built the recently completed Iowa Suns basketball fieldhouse in Indianola, a project Butler hopes will act as a springboard to further growth on the 40 acres of land the company owns.",,2026-09-30,REVIEW_REQUIRED,"Joe Butler is CEO, not verified as owner. He said he became CEO in 2017 and referred to partners. downingconstruction.com resolved to an unrelated Washington company and was not used. A local website was not verified.",
Grimes Asphalt & Paving Corporation,https://www.rasmussengroup.com/grimesasphalt/,Des Moines,IA,Asphalt paving,"Awarded $2,411,385.75 for Polk County HMA resurfacing at the May 19, 2026 Iowa DOT letting. The public site is hosted on the Rasmussen Group domain. Leadership page lists operating executives, not an owner.",,,,,No,,,,515-262-8096,Financial / Operational,"Awarded $2.41 million Polk County HMA resurfacing contract on May 19, 2026","The May 19, 2026 Iowa DOT bid tabulation lists Grimes Asphalt and Paving Corporation as awarded vendor on Polk County HMA resurfacing contract 77-0282-052-A for $2,411,385.75. The company's pages sit on the Rasmussen Group website. Tim Janssen appears as Rasmussen Group COO and, on the AGC of Iowa board, with Grimes Asphalt. Neither page states that he owns the company.","A multi-million-dollar resurfacing award is a real backlog event, and it becomes an owner-level conversation once the person who owns Grimes Asphalt or Rasmussen Group is confirmed.",2026-05-19,https://iowadot.gov/media/14294/download?inline,5/19/26 Bid Tabulations,"Letting Date: May 19, 2026. Awarded vendor GRIMES ASPHALT AND PAVING CORPORATION. County POLK. Amount $2,411,385.75. Work: HMA RESURFACING. Contract 77-0282-052-A.",https://www.rasmussengroup.com/about-us/leadership,2026-09-30,REVIEW_REQUIRED,"Phone 515-262-8096 appears on the Grimes Asphalt leadership page. A placeholder number 515-123-4567 also appeared in page markup and was ignored. Rasmussen family members chair The Rasmussen Group, but the leadership page does not say 'owner.' Do not treat Tim Janssen's COO title as ownership.",
The Waldinger Corporation,https://www.waldinger.com/,Des Moines,IA,Mechanical contractor,"Paid $7 million for 15.5 acres and a 23,662-square-foot building at 6123 Scout Trail for a training center and corporate office space. Long-established mechanical contractor with a Des Moines office.",,,,,No,,,,515-284-1911,Growth / Complexity,Bought a southwest Des Moines property for a training center and corporate office,"The Business Record reported on June 3, 2026 that The Waldinger Corp., through Bell Avenue Properties Inc., paid the Mid-Iowa Council of Boy Scouts $7 million for 15.5 acres and a 23,662-square-foot building at 6123 Scout Trail in southwest Des Moines. A company spokesperson said the building will be a training center and office for the corporate team. Waldinger already has its headquarters at 6200 Scout Trail. No individual owner was named.","Buying a training and office property is a facilities investment that can matter for management depth, but the record stays in review until a current owner is verified.",2026-06-03,https://www.businessrecord.com/notable-transactions-waldinger-acquires-scout-property-in-southwest-des-moines/,NOTABLE TRANSACTIONS: Waldinger acquires scout property in southwest Des Moines,"Waldinger, doing business as Bell Avenue Properties Inc., paid Mid-Iowa Council $7 million for the parcel at 6123 Scout Trail in Des Moines. The parcel includes a one-story, 23,662-square-foot office building with banquet facilities that was constructed in 2012. The multipurpose facility will be used as a training center and office space for Waldinger's corporate team, according to a company spokesperson.",https://www.waldinger.com/about,2026-09-30,REVIEW_REQUIRED,Article re-read on 2026-09-30. Ownership still unverified. Do not treat the president or board names as owners.,
I-80 Concrete,https://i80concrete.com/,Clive,IA,Concrete,"Family-owned concrete contractor at 1444 NW 124th Ct., Clive, serving Greater Des Moines residential and commercial flatwork. No employee count or revenue was published.",Mark,McDonough,Mark McDonough,Owner,Partial,,,,515-650-4500,Owner Dependence / Institutionalization,No dated 2024-2026 operating event was found,"The company site says I-80 Concrete is family owned and lists Mark, Brett, Ryan, and Dale McDonough as the team. Customer comments on the site call Brett and Mark, and Brett and Ryan, the owners. Mark McDonough is also listed with I-80 Concrete on the AGC of Iowa board. No expansion, acquisition, leadership hire, or dated contract from the last 24 months was verified.",Family ownership alone is not a reason to call. This stays in review until a current business event is documented.,,https://i80concrete.com/about/,About I-80 Concrete,We are a family owned and operated business that takes pride in our work. MEET OUR TEAM Mark McDonough Brett McDonough Ryan McDonough Dale McDonough.,https://www.agcia.org/board-of-directors/,2026-09-30,REVIEW_REQUIRED,Ownership is reasonably supported but the record has no qualifying signal. Do not promote on family ownership alone.,
"A.J. Allen Mechanical Contractors, Inc.",https://ajallen.com/,Des Moines,IA,Mechanical contractor,"Commercial, industrial, and institutional mechanical contractor at 320 SE 6th St., Des Moines, operating for more than 80 years. Phone 515-697-3500.",Mark,Allen,Mark W. Allen,President; family owner,Partial,,,,515-697-3500,Succession / Transition,"Fourth-generation family members are working in the company, but no event date was published","The company history page says A.J. Allen has four generations of family ownership, that Mark Allen is president, that Ed Allen is secretary and treasurer, and that three of their sons also work at the company. The page does not date when the fourth generation joined.","A next generation working in a family mechanical contractor can be relevant to succession, but without a dated event this stays in review.",,https://ajallen.com/our-history/,Our History | A.J. Allen Mechanical Contractors,"Mark Allen is the company President and Ed Allen serves as Treasurer and Secretary. Three of Ed and Mark's sons, the fourth generation of Allens, also work for the company.",https://ajallen.com/our-staff/,2026-09-30,REVIEW_REQUIRED,Edward J. Allen is secretary/treasurer and part of the owning family. No 2024-2026 dated operating event was found on the history or current-projects pages.,
Baker Group,https://www.thebakergroup.com/,Ankeny,IA,"Mechanical, electrical, and specialty contractor","Full-service specialty contractor headquartered in Ankeny. Leadership page lists a chairman, CEO, and president. 2019 company announcement said an ESOP gave employees full ownership.",,,,,No,,,,515-262-4000,Management Delegation,Joel Veenstra named president as Doug Kumm retired,"On September 10, 2025, the Business Record reported that Joel Veenstra was named president of Baker Group, replacing Doug Kumm, who retired after 36 years. Baker Group's own site describes employee owners, and a 2019 announcement said the ESOP gave employees full ownership. No individual controlling owner was verified.","A presidential transition can matter at a large contractor, but this file is for individual owners and Baker is employee-owned.",2025-09-10,https://www.businessrecord.com/baker-group-announces-leadership-changes/,Baker Group announces leadership changes,"Joel Veenstra has been named president of Baker Group, a full-service specialty contractor headquartered in Ankeny. Veenstra will replace Doug Kumm, who is retiring after 36 years with the company.",https://www.businessrecord.com/baker-group-becomes-employee-owned-company/,2026-09-30,EXCLUDED,"A separate March 2026 Ankeny campus expansion was reported in search results and was not re-verified in full, so it is not recorded as its own row. B.J. Baker III is chairman and Gary Bridgewater is CEO on the company leadership page; those titles were not treated as ownership.",Employee-owned company. The September 2025 presidential change does not identify an individual owner to contact.
Story Construction,,Ames,IA,General contractor,Ames general contractor founded in 1934 that agreed to buy the assets of Sioux City contractor L&L Builders and keep that workforce.,,,,,No,,,,,Growth / Complexity,Agreed to buy the assets of L&L Builders in Sioux City,"On December 11, 2024, the Business Record reported that Ames-based Story Construction agreed to buy the assets of L&L Builders Co. and to keep operating in Sioux City under that name. The release called Story Construction employee-owned and quoted president Mike Espeset. He was not described as an owner.","An acquisition adds geographic and management complexity, but the company is employee-owned and the quoted president was not verified as an owner.",2024-12-11,https://www.businessrecord.com/story-construction-acquires-sioux-city-based-ll-builders/,Story Construction acquires Sioux City-based L&L Builders,"L&L's longstanding reputation and commitment to its partners and clients aligns perfectly with our vision for growth, Mike Espeset, president of the employee-owned Story Construction, said in the release.",,2026-09-30,EXCLUDED,L&L's president Joel Jarman was also not described as a continuing owner after the asset sale.,Employee-owned. President is not a verified owner.
Metro Heating & Cooling,,Des Moines,IA,HVAC,"Des Moines HVAC company founded in 1984, acquired by Johnston private equity firm Merit Management Group.",,,,,No,,,,,Succession / Transition,Acquired by Merit Management Group,"On November 14, 2025, the Business Record reported that Johnston-based Merit Management Group acquired Metro Heating & Cooling, a Des Moines HVAC provider founded in 1984. The article does not name the former owner or say that the founder remained an owner.",The sale already closed and the article does not leave a verified operating owner to contact.,2025-11-14,https://www.businessrecord.com/merit-management-group-acquires-two-central-iowa-companies/,Merit Management Group acquires two Central Iowa companies,"Merit has acquired Metro Heating & Cooling, a Des Moines-based HVAC provider founded in 1984, adding to its network of HVAC companies.",,2026-09-30,EXCLUDED,"Same article also reports acquisitions of Dorrian Heating & Cooling in Waukee, Heartland Heating & Cooling in Grimes, and Swan Creek Cabinetry in Boone. Those are recorded as separate excluded rows rather than extra signals for Merit.",Sale to a private equity buyer already closed. Former owner was not named and was not verified as still owning the company.
Dorrian Heating & Cooling,,Waukee,IA,HVAC,Waukee HVAC company acquired by Merit Management Group. No independent size evidence in the article.,,,,,No,,,,,Succession / Transition,Acquired by Merit Management Group,"The November 14, 2025 Business Record article says Merit Management Group had recently acquired Dorrian Heating & Cooling in Waukee. No owner name was given.","The reported transaction is a completed sale, and no current individual owner was identified.",2025-11-14,https://www.businessrecord.com/merit-management-group-acquires-two-central-iowa-companies/,Merit Management Group acquires two Central Iowa companies,Merit has also recently acquired Dorrian Heating & Cooling in Waukee and Heartland Heating & Cooling in Grimes.,,2026-09-30,EXCLUDED,"Date of the Dorrian closing was described only as recent relative to November 14, 2025.",Completed acquisition. Owner not identified.
Heartland Heating & Cooling,,Grimes,IA,HVAC,Grimes HVAC company acquired by Merit Management Group. No independent size evidence in the article.,,,,,No,,,,,Succession / Transition,Acquired by Merit Management Group,"The November 14, 2025 Business Record article says Merit Management Group had recently acquired Heartland Heating & Cooling in Grimes. No owner name was given.","The reported transaction is a completed sale, and no current individual owner was identified.",2025-11-14,https://www.businessrecord.com/merit-management-group-acquires-two-central-iowa-companies/,Merit Management Group acquires two Central Iowa companies,Merit has also recently acquired Dorrian Heating & Cooling in Waukee and Heartland Heating & Cooling in Grimes.,,2026-09-30,EXCLUDED,,Completed acquisition. Owner not identified.
Swan Creek Cabinetry,,Boone,IA,Cabinetry and millwork,Boone cabinetry and millwork company described as known for handcrafted work. No employee or revenue figure in the article.,,,,,No,,,,,Succession / Transition,Acquired by Merit Management Group,"On November 14, 2025, the Business Record reported that Merit Management Group acquired Swan Creek Cabinetry of Boone, its second custom cabinetry acquisition. No owner name was given.",The sale is already reported and no remaining individual owner was verified.,2025-11-14,https://www.businessrecord.com/merit-management-group-acquires-two-central-iowa-companies/,Merit Management Group acquires two Central Iowa companies,"Merit also acquired Swan Creek Cabinetry, a Boone company known for its handcrafted cabinetry and millwork.",,2026-09-30,EXCLUDED,Cabinetry is adjacent to the trades brief but the owner test fails.,Completed acquisition. Owner not identified.
Clow Valve,,Oskaloosa,IA,Waterworks manufacturing,"Greater Des Moines Partnership case study says the Oskaloosa plant's $75 million foundry expansion is meant to retain more than 400 jobs and double production. The company is described as a McWane, Inc. company.",,,,,No,,,,,Growth / Complexity,Broke ground on a $75 million Oskaloosa foundry expansion,"A January 6, 2026 Greater Des Moines Partnership case study says Clow Valve broke ground on a $75 million expansion, including a 36,000-square-foot foundry addition, next to its Oskaloosa plant. The person quoted is General Manager and Vice President Mark Willett. The company is identified as a McWane, Inc. company, not a locally owner-led firm.","The expansion is a large facility investment, but the local contact in the story is a general manager of a subsidiary, not a verified owner.",2026-01-06,https://www.dsmpartnership.com/stories/a-century-old-manufacturing-company-doubles-down-on-greater-des-moines-with-75-million-expansion,A Century-Old Manufacturing Company Doubles Down on Greater Des Moines With $75 Million Expansion,"Based in Oskaloosa, Iowa, Clow Valve, a McWane, Inc. company, manufactures fire hydrants and waterworks valves. The company broke ground on a $75 million expansion project.",,2026-09-30,EXCLUDED,"Oskaloosa is sometimes grouped with the broader Partnership region. The exclusion is ownership, not geography alone.","Subsidiary of McWane, Inc. Quoted executive is a general manager and vice president, not a verified owner."
"United Contractors, Inc.",https://www.unitedcontractors.net/,Johnston,IA,Bridge and concrete structures,"Johnston bridge and structures contractor. Company history says it converted to an ESOP in 1989 and is in a third generation of family leadership, with Steve Sandquist as president. Iowa DOT tabs show a $1,648,843 Jasper County award at the November 18, 2025 letting under United Contractors Inc. and Subsidiaries.",,,,,No,,,,515-276-6162,Financial / Operational,Employee-owned bridge contractor with a November 2025 DOT award; no individual owner,"The company history page says United Contractors became employee-owned in 1989, with all employees having an ownership stake, and that Steve Sandquist serves as president. A November 18, 2025 Iowa DOT award to United Contractors Inc. and Subsidiaries was $1,648,843 in Jasper County. Andy Stone and Logan Angstead appear with the company on the AGC of Iowa board and are not called owners.","Contract awards matter, but this project is aimed at individual owners and the company states that employees own it.",2025-11-18,https://www.unitedcontractors.net/about-us,About Us | United Contractors Inc.,"In 1989, whereby all employees have an ownership stake in the Company... The Company is now in its third generation of family leadership, with Steve Sandquist serving as president.",https://iowadot.gov/media/12726/download?inline,2026-09-30,EXCLUDED,"A much larger Polk County joint-venture award with Cramer & Associates ($64,069,780, July 28, 2026 letting, contract 25-77) was parsed from the July 28, 2026 tabulation. It was not used as a separate qualified signal because neither joint-venture partner had a verified individual owner.",Employee-owned since 1989. President is not a verified individual owner.
Excel Mechanical,https://excelmechanical.us/,Des Moines,IA,Mechanical contractor,Des Moines mechanical contractor. About page says founders sold the company to John Rounds in 2019 and that he is president/owner. Phone 515-288-1450. No 2024-2026 dated event was found.,John,Rounds,John Rounds,President/Owner,Yes,,,,515-288-1450,Succession / Transition,Founders sold the company to John Rounds in 2019,"The company about page says the founders retired and sold Excel Mechanical to John Rounds in 2019, and that he had moved from apprentice to service manager to president/owner. No expansion, acquisition, facility, or leadership event dated 2024 through 2026 was found.","The ownership change is real, but it is outside the recency window and is not by itself a current reason to call.",2019,https://excelmechanical.us/about/,About Excel Mechanical,"The founders retired and sold Excel Mechanical to John Rounds in 2019. John has over 35 years of knowledge in the industry and worked his way from apprentice service tech, to service manager, to President/Owner of Excel Mechanical.",,2026-09-30,EXCLUDED,"Owner is verified. Exclusion is recency, not identity.",Ownership transfer in 2019 is older than 24 months and no later operating event was verified.
Strahan Construction,https://www.strahanconstruction.com/,Ankeny,IA,Custom home builder,"Company about page says Strahan Construction was founded in 1986 and has built over 800 custom homes in Ankeny, Des Moines, and surrounding areas. In July 2026 it paid $1.5 million for seven residential lots in Polk City.",Reid,Strahan,Reid Strahan,Co-Founder,Yes,,,,515-238-7414,Growth / Complexity,Bought seven Polk City lots for $1.5 million,"Polk County records reported by the Business Record on July 22, 2026 show that Ankeny-based Strahan Construction Co. Inc. paid Antler Ridge LLC $1.5 million for seven residential building lots in Antler Ridge Plat 3 in Polk City. The transaction was recorded July 16, 2026. The company site lists Reid Strahan and Cindy Strahan as co-founders and lists their son Luke Strahan as president.","Buying seven lots for the next round of custom homes adds pipeline and project load at a founder-led builder whose next generation is already president, so this is a logical time to talk about management depth, systems, and how the company runs as it grows.",2026-07-16,https://www.businessrecord.com/notable-transactions-july-22-2026/,"NOTABLE TRANSACTIONS: July 22, 2026","Strahan Construction Co. Inc., located in Ankeny, paid Antler Ridge LLC $1.5 million for seven residential building lots in Antler Ridge Plat 3 in Polk City, records show. The transaction was recorded July 16.",https://www.strahanconstruction.com/about/,2026-09-30,QUALIFIED,"Cindy Strahan is also listed on the current team page as co-founder. Luke Strahan is listed as president. The signal date is the recording date in the article, not a separate contract date. Phone 515-238-7414 is the number published on the company about page.",
Vermeer Corporation,https://www.vermeer.com/,Pella,IA,Equipment manufacturing,"Company and Business Record reporting describe a new Bondurant manufacturing campus on about 186 acres expected to employ more than 300 people. Existing Des Moines-area operations were described in the February 20, 2026 company release as 143 people in 108,000 square feet.",Jason,Andringa,Jason Andringa,"President and CEO, third-generation family member",Partial,,,,,Growth / Complexity,"Broke ground May 21, 2026 on a Bondurant manufacturing campus","On May 27, 2026 the Business Record reported that Vermeer held a groundbreaking on May 21, 2026 for a new Bondurant manufacturing facility on about 186 acres that the company said will employ more than 300 people. The company's February 20, 2026 release said it had acquired 186 acres and intended to build a 300,000-square-foot facility. Jason Andringa is identified as president and CEO and as a third-generation family member. The family page does not state that he owns equity.","A new Bondurant plant and a much larger local workforce add operating complexity to a family business, so this would be a logical time to talk about management depth and enterprise value once the current ownership is confirmed.",2026-05-21,https://www.businessrecord.com/vermeer-breaks-ground-on-bondurant-facility/,Vermeer breaks ground on Bondurant facility,"A groundbreaking ceremony was held on May 21, and featured representatives from Vermeer, city leaders, and officials from the Iowa Economic Development Authority and the Greater Des Moines Partnership. The new facility will be built on about 186 acres and will employ more than 300 people.",https://www.vermeer.com/na/news/vermeer-breaks-ground-on-all-new-des-moines-facility-expanding-iowa-manufacturing-footprint,2026-09-30,REVIEW_REQUIRED,"The Vermeer family page says Jason Andringa, a third-generation family member, became president and CEO in 2015. It does not say he is an owner. Headquarters is Pella; the new plant is in Bondurant, inside the Des Moines metro. Keep in review until an explicit ownership statement is found. Do not infer a sale.",
Accumold,https://www.accu-mold.com/,Ankeny,IA,Precision micro molding,"September 18, 2026 Business Record report: $33.2 million project, 50,000-square-foot addition to a 130,000-square-foot Ankeny plant at 1711 SE Oralabor Road, 150 new jobs, and more than 500 employees after the hires.",Roger,Hargens,Roger Hargens,CEO,Partial,,,,,Growth / Complexity,Approved for a $33.2 million Ankeny plant expansion and 150 jobs,"On September 18, 2026 the Business Record reported that the Iowa Economic Development Authority approved more than $1.08 million in incentives for Accumold's $33.2 million, 50,000-square-foot Ankeny expansion, which is expected to add 150 jobs and take employment above 500. The company said it is working with The Weitz Co. and SVPA. Roger Hargens is quoted on the company site as CEO. A local Ankeny profile calls him one of the original entrepreneurs. The company pages reviewed do not call him the owner.","A $33.2 million plant expansion and a new layer of executive leadership increase the complexity of a founder-era manufacturer, so this is a logical ownership conversation once the current owner is confirmed.",2026-09-18,https://www.businessrecord.com/accumold-to-expand-in-ankeny-add-150-jobs-to-meet-growing-customer-demand/,"Accumold to expand in Ankeny, add 150 jobs to meet growing customer demand","The total cost of the project is estimated at $33.2 million. With the new jobs, Accumold will employ more than 500 people in Ankeny. Saddoris said Accumold is working with The Weitz Co. and SVPA architects on the 50,000-square-foot expansion.",https://www.accu-mold.com/leadership-team/,2026-09-30,REVIEW_REQUIRED,"The Ankeny Brief profile says Roger Hargens, one of the original entrepreneurs, leads the company as CEO and president. That is not the company's own ownership statement. A separate May 14, 2026 company post named Gordon Davis COO. That leadership change is the same growth story and is not counted as a second signal.",
Jerry's Homes Inc.,https://www.jerryshomes.com/,West Des Moines,IA,Home builder,Business Record notable-transactions report says Jerry's Homes Inc. of West Des Moines paid $1.7 million for 18 residential building lots in southeast Altoona. No employee or revenue figure was in the article.,,,,,No,,,,,Growth / Complexity,Paid $1.7 million for 18 Altoona building lots,"The Business Record's August 26, 2026 notable-transactions report says Jerry's Homes Inc., located in West Des Moines, paid Wolf Pack LLC $1.7 million for 18 residential building lots in Prairie Landing Plat 2 in southeast Altoona. The transaction was recorded August 18, 2026. No individual owner was named.","Taking down 18 lots is a real land-pipeline step for a local builder, and it will be relevant to an owner conversation once the current owner is identified.",2026-08-18,https://www.businessrecord.com/notable-transactions-warehouse-properties-sold-in-southwest-des-moines/,NOTABLE TRANSACTIONS: Warehouse properties sold in southwest Des Moines,"Jerry's Homes Inc., located in West Des Moines, paid Wolf Pack LLC $1.7 million for 18 residential building lots in Prairie Landing Plat 2 in southeast Altoona, records show. The transaction was recorded Aug. 18.",,2026-09-30,REVIEW_REQUIRED,"A September 2, 2026 Business Record item says Greenland Homes Inc. of Granger paid the same seller $1.7 million for 18 lots in the same plat, recorded August 24. Treat the two reports as possibly related until the deeds are compared. Do not count both as qualified. Owner not found on the company site in this pass.",
Greenland Homes Inc.,,Granger,IA,Home builder,Business Record says Greenland Homes Inc. of Granger paid $1.7 million for 18 residential lots in southeast Altoona. No employee count or website was verified.,,,,,No,,,,,Growth / Complexity,Paid $1.7 million for 18 Altoona residential lots,"The Business Record's September 2, 2026 notable-transactions report says Greenland Homes Inc., based in Granger, paid Wolf Pack LLC $1.7 million for 18 residential lots in Prairie Landing Plat 2 in southeast Altoona. The transaction was recorded August 24, 2026. No owner was named.","An 18-lot purchase is a pipeline event for a local builder, and it belongs in an owner conversation only after the buyer and the owner are confirmed as distinct from the similar Jerry's Homes report.",2026-08-24,https://www.businessrecord.com/notable-transactions-developer-acquires-historic-warehouse-in-des-moines/,NOTABLE TRANSACTIONS: Developer acquires historic warehouse in Des Moines,"Greenland Homes Inc., based in Granger, paid Wolf Pack LLC $1.7 million for 18 residential lots in Prairie Landing Plat 2 in Altoona, records show. The transaction was recorded Aug. 24.",,2026-09-30,REVIEW_REQUIRED,"See the August 18 Jerry's Homes / Wolf Pack / Prairie Landing item. Same seller, plat, lot count, and price, with a different buyer name and a recording date six days later. Do not qualify until the two deeds are separated or confirmed as one deal.",
Romare Homes II LLC,,Ankeny,IA,Home builder,"Paid $1.5 million for 38 residential lots in Ankeny's Prairie Trail area. No employee count, website, or owner was verified.",,,,,No,,,,,Growth / Complexity,Paid $1.5 million for 38 Ankeny lots at Prairie Trail,"The Business Record's April 15, 2026 notable-transactions report says Romare Homes II LLC, located in Ankeny, paid DRA Properties LC $1.5 million for 38 residential building lots in Greystones at Prairie Trail Plat 2. The transaction was recorded April 6, 2026. No individual owner was named.","A 38-lot take-down is a substantial pipeline commitment for a local builder, and it is a practical time to talk about production systems once the owner is verified.",2026-04-06,https://www.businessrecord.com/notable-transactions-areas-top-commercial-residential-property-deals-041526/,"NOTABLE TRANSACTIONS: Area's top commercial, residential property deals","Romare Homes II LLC, located in Ankeny, paid DRA Properties LC $1.5 million for 38 residential building lots in Greystones at Prairie Trail Plat 2 in Ankeny, records show. The transaction was recorded April 6.",,2026-09-30,REVIEW_REQUIRED,"Scale is plausible from the lot count, but no operating website or owner was verified in this pass.",
Genesis Homes Inc.,,Johnston,IA,Home builder,"Business Record reports in 2026 show Genesis Homes Inc. selling newly built townhomes in Johnston's Ridgedale Heights, including a $3.4 million sale of 14 townhomes recorded July 15, 2026 and earlier sales of 12 and 8 townhomes.",,,,,No,,,,,Growth / Complexity,Sold a newly built Johnston townhome community in multi-million-dollar 2026 closings,"Business Record transaction reports show Genesis Homes Inc. as the seller of recently completed townhomes in Ridgedale Heights Townhomes Plat 2 in Johnston. A July 15, 2026 recording was $3.4 million for 14 townhomes. Earlier 2026 recordings in the same plat included $2.9 million for 12 townhomes on June 9 and $1.9 million for eight townhomes on September 1. These are treated as one project delivery, not three signals. No owner was named.","Delivering a multi-building townhome community is a capacity event for a local builder, and it is relevant to systems and profitability once the owner is identified.",2026-07-15,https://www.businessrecord.com/notable-transactions-july-22-2026/,"NOTABLE TRANSACTIONS: July 22, 2026","Ridgedale Heights Leasing LLC, located in Waukee, paid Genesis Homes Inc. $3.4 million for 14 townhomes in Ridgedale Heights Townhomes Plat 2 in Johnston, records show. Construction of the townhomes was recently completed. The transaction was recorded July 15.",https://www.businessrecord.com/notable-transactions-top-real-estate-transactions-in-polk-dallas-counties/,2026-09-30,REVIEW_REQUIRED,"Buyer is a leasing entity, not evidence that Genesis was acquired. Owner of Genesis Homes Inc. was not identified. Company city is not stated in the articles; Johnston is the project location.",
Heart of America Group,,Des Moines,IA,Hospitality and real estate,"Founder Mike Whalen described a proposed five-story, about 70,000-square-foot East Village building with development costs he estimated at around $18 million. The company is headquartered in Moline, Illinois, with offices in Des Moines.",Mike,Whalen,Mike Whalen,"Founder, president and CEO",Yes,,,,,Growth / Complexity,Proposed an $18 million East Village headquarters building,"On June 8, 2026 the Business Record reported that Heart of America Group proposed a five-story, about 70,000-square-foot building on city-owned land at 401 Robert D. Ray Drive. Mike Whalen, identified as founder, president and CEO, estimated development costs at around $18 million and said the company would use up to 20,000 square feet as headquarters space.","Moving headquarters space into a new Des Moines building is a real complexity step for a founder-led company, but the core business is hospitality and the headquarters today is in Moline.",2026-06-08,https://www.businessrecord.com/heart-of-america-group-proposes-east-village-site-for-new-headquarters/,Heart of America Group proposes East Village site for new headquarters,"The company would use up to 20,000 square feet of space in the building for its headquarters, said Mike Whalen, Heart of America's founder, president and CEO. Whalen estimated development costs at around $18 million.",,2026-09-30,REVIEW_REQUIRED,"Ownership is stated in the article. Held out of the qualified file because the company is a hospitality and real estate group headquartered in Moline, Illinois, not a Central Iowa trade contractor. A later September 11, 2026 council article describes a related five-story, 75,000-square-foot proposal and is the same project.",
Black Birch Homes and Design,https://blackbirchhomes.com/,Ankeny,IA,Custom home builder,"One reported 2026 sale of a newly built 3,822-square-foot Ankeny house for $1.3 million. Company scale beyond that sale was not established.",Brooks,Rolling,Brooks Rolling,Co-founder,Yes,,,,,Growth / Complexity,Sold a completed Ankeny custom home for $1.3 million,"The Business Record's July 22, 2026 notable-transactions report says Brady and Lauren White paid Black Birch Homes & Design LLC $1.3 million for a recently completed house at 1213 NE Vista Court in Ankeny. The transaction was recorded July 14, 2026. The company site says it was founded by Brooks and Jill Rolling.",A single custom-home closing is ordinary work for a home builder and does not by itself create a new reason to talk about management depth or succession.,2026-07-14,https://www.businessrecord.com/notable-transactions-july-22-2026/,"NOTABLE TRANSACTIONS: July 22, 2026","Brady and Lauren White paid Black Birch Homes & Design LLC $1.3 million for property at 1213 NE Vista Court in Ankeny, records show. The 1.4-acre parcel includes a two-story, 3,822-square-foot house whose construction was recently completed. The transaction was recorded July 14.",https://blackbirchhomes.com/about,2026-09-30,EXCLUDED,,"One completed-home sale is ordinary builder activity, not a distinct business event. Jill Rolling is also a founder. Company city was not printed on the about page excerpt; Ankeny is the house location."
Prairieland Homes,https://prairielandhomes.com/,Ames,IA,Custom home builder,"About page says partners Jake Hanson and Joe Strotman have been building homes in central Iowa and have more than 50 years of combined experience. Address on the site: 2610 Northridge Pkwy, Suite 107, Ames, IA 50010. Phone 515-292-3479. One reported 2026 home sale was $1.4 million.",Jake,Hanson,Jake Hanson,Partner,Yes,,,,515-292-3479,Growth / Complexity,Sold a completed Ankeny home for $1.4 million,"The Business Record's April 22, 2026 notable-transactions report says Michelle Tilton paid Prairieland Homes LLC $1.4 million for a recently completed house at 3213 NE 17th St. in Ankeny. The transaction was recorded April 14, 2026. The company site identifies Jake Hanson and Joe Strotman as partners.",Closing one finished house is normal work for a custom builder and does not by itself create a new owner-level reason to call.,2026-04-14,https://www.businessrecord.com/notable-transactions-areas-top-commercial-residential-property-sales-for-april-22-2026/,"NOTABLE TRANSACTIONS: Area's top commercial, residential property sales for April 22, 2026","Michelle Tilton paid Prairieland Homes LLC $1.4 million for property at 3213 NE 17th St. in Ankeny, records show. The 1-acre parcel includes a 2,581-square-foot house whose construction was recently completed. The transaction was recorded April 14.",https://prairielandhomes.com/about/,2026-09-30,EXCLUDED,Joe Strotman is the other named partner. Partner language on the company about page is the ownership source.,"Single completed-home sale is ordinary operations, not a distinct growth, succession, or management event."
