Company,Role,Source URL,Source Title,Signal Date,Research Date
"Manatt's, Inc.",primary,https://iowadot.gov/media/12841/download?inline,12/16/25 Bid Tabulations,2025-12-16,2026-09-30
"Manatt's, Inc.",secondary,https://www.manatts.com/our-story,,2025-12-16,2026-09-30
"Manatt's, Inc.",primary,https://www.manatts.com/our-story,Our Story | Manatt's,2025,2026-09-30
"Manatt's, Inc.",secondary,https://www.agcia.org/board-of-directors/,,2025,2026-09-30
Beal Derkenne Construction,primary,https://www.businessrecord.com/floor-by-floor-the-latest-on-the-515-walnut-tower-project/,Floor-by-floor: The latest on the 515 Walnut Tower project,2026-08-12,2026-09-30
Beal Derkenne Construction,secondary,https://www.businessrecord.com/meet-the-owners-of-beal-derkenne-construction-the-company-working-on-the-33-story-515-walnut-tower-project/,,2026-08-12,2026-09-30
Haverkamp Group,primary,https://www.businessrecord.com/haverkamp-group-breaks-ground-on-387-unit-residential-community-in-ankeny/,Haverkamp Group breaks ground on 387-unit residential community in Ankeny,2026-09-16,2026-09-30
Haverkamp Group,secondary,https://www.haverkampgroup.com/,,2026-09-16,2026-09-30
Elder Corporation,primary,https://iowadot.gov/media/12841/download?inline,12/16/25 Bid Tabulations,2025-12-16,2026-09-30
Elder Corporation,secondary,https://www.eldercorp.com/our-history,,2025-12-16,2026-09-30
"Herberger Construction Company, Inc.",primary,https://iowadot.gov/media/12382/download?inline,9/16/25 Bid Tabulations,2025-09-16,2026-09-30
"Herberger Construction Company, Inc.",secondary,https://www.herbergerconstruction.com/about-us/,,2025-09-16,2026-09-30
SJC Construction,primary,https://www.businessrecord.com/warm-fuzzy-childhood-memories-inspire-builders-waukee-village-district-development/,"Warm, fuzzy childhood memories inspire builder's Waukee Village District development",2025-02-12,2026-09-30
Downing Construction,primary,https://www.businessrecord.com/downing-construction-looks-to-iowa-suns-fieldhouse-to-kickstart-further-growth-in-indianola/,Downing Construction looks to Iowa Suns fieldhouse to kickstart further growth in Indianola,2026-04-15,2026-09-30
Grimes Asphalt & Paving Corporation,primary,https://iowadot.gov/media/14294/download?inline,5/19/26 Bid Tabulations,2026-05-19,2026-09-30
Grimes Asphalt & Paving Corporation,secondary,https://www.rasmussengroup.com/about-us/leadership,,2026-05-19,2026-09-30
The Waldinger Corporation,primary,https://www.businessrecord.com/notable-transactions-waldinger-acquires-scout-property-in-southwest-des-moines/,NOTABLE TRANSACTIONS: Waldinger acquires scout property in southwest Des Moines,2026-06-03,2026-09-30
The Waldinger Corporation,secondary,https://www.waldinger.com/about,,2026-06-03,2026-09-30
I-80 Concrete,primary,https://i80concrete.com/about/,About I-80 Concrete,,2026-09-30
I-80 Concrete,secondary,https://www.agcia.org/board-of-directors/,,,2026-09-30
"A.J. Allen Mechanical Contractors, Inc.",primary,https://ajallen.com/our-history/,Our History | A.J. Allen Mechanical Contractors,,2026-09-30
"A.J. Allen Mechanical Contractors, Inc.",secondary,https://ajallen.com/our-staff/,,,2026-09-30
Baker Group,primary,https://www.businessrecord.com/baker-group-announces-leadership-changes/,Baker Group announces leadership changes,2025-09-10,2026-09-30
Baker Group,secondary,https://www.businessrecord.com/baker-group-becomes-employee-owned-company/,,2025-09-10,2026-09-30
Story Construction,primary,https://www.businessrecord.com/story-construction-acquires-sioux-city-based-ll-builders/,Story Construction acquires Sioux City-based L&L Builders,2024-12-11,2026-09-30
Metro Heating & Cooling,primary,https://www.businessrecord.com/merit-management-group-acquires-two-central-iowa-companies/,Merit Management Group acquires two Central Iowa companies,2025-11-14,2026-09-30
Dorrian Heating & Cooling,primary,https://www.businessrecord.com/merit-management-group-acquires-two-central-iowa-companies/,Merit Management Group acquires two Central Iowa companies,2025-11-14,2026-09-30
Heartland Heating & Cooling,primary,https://www.businessrecord.com/merit-management-group-acquires-two-central-iowa-companies/,Merit Management Group acquires two Central Iowa companies,2025-11-14,2026-09-30
Swan Creek Cabinetry,primary,https://www.businessrecord.com/merit-management-group-acquires-two-central-iowa-companies/,Merit Management Group acquires two Central Iowa companies,2025-11-14,2026-09-30
Clow Valve,primary,https://www.dsmpartnership.com/stories/a-century-old-manufacturing-company-doubles-down-on-greater-des-moines-with-75-million-expansion,A Century-Old Manufacturing Company Doubles Down on Greater Des Moines With $75 Million Expansion,2026-01-06,2026-09-30
"United Contractors, Inc.",primary,https://www.unitedcontractors.net/about-us,About Us | United Contractors Inc.,2025-11-18,2026-09-30
"United Contractors, Inc.",secondary,https://iowadot.gov/media/12726/download?inline,,2025-11-18,2026-09-30
Excel Mechanical,primary,https://excelmechanical.us/about/,About Excel Mechanical,2019,2026-09-30
Strahan Construction,primary,https://www.businessrecord.com/notable-transactions-july-22-2026/,"NOTABLE TRANSACTIONS: July 22, 2026",2026-07-16,2026-09-30
Strahan Construction,secondary,https://www.strahanconstruction.com/about/,,2026-07-16,2026-09-30
Vermeer Corporation,primary,https://www.businessrecord.com/vermeer-breaks-ground-on-bondurant-facility/,Vermeer breaks ground on Bondurant facility,2026-05-21,2026-09-30
Vermeer Corporation,secondary,https://www.vermeer.com/na/news/vermeer-breaks-ground-on-all-new-des-moines-facility-expanding-iowa-manufacturing-footprint,,2026-05-21,2026-09-30
Accumold,primary,https://www.businessrecord.com/accumold-to-expand-in-ankeny-add-150-jobs-to-meet-growing-customer-demand/,"Accumold to expand in Ankeny, add 150 jobs to meet growing customer demand",2026-09-18,2026-09-30
Accumold,secondary,https://www.accu-mold.com/leadership-team/,,2026-09-18,2026-09-30
Jerry's Homes Inc.,primary,https://www.businessrecord.com/notable-transactions-warehouse-properties-sold-in-southwest-des-moines/,NOTABLE TRANSACTIONS: Warehouse properties sold in southwest Des Moines,2026-08-18,2026-09-30
Greenland Homes Inc.,primary,https://www.businessrecord.com/notable-transactions-developer-acquires-historic-warehouse-in-des-moines/,NOTABLE TRANSACTIONS: Developer acquires historic warehouse in Des Moines,2026-08-24,2026-09-30
Romare Homes II LLC,primary,https://www.businessrecord.com/notable-transactions-areas-top-commercial-residential-property-deals-041526/,"NOTABLE TRANSACTIONS: Area's top commercial, residential property deals",2026-04-06,2026-09-30
Genesis Homes Inc.,primary,https://www.businessrecord.com/notable-transactions-july-22-2026/,"NOTABLE TRANSACTIONS: July 22, 2026",2026-07-15,2026-09-30
Genesis Homes Inc.,secondary,https://www.businessrecord.com/notable-transactions-top-real-estate-transactions-in-polk-dallas-counties/,,2026-07-15,2026-09-30
Heart of America Group,primary,https://www.businessrecord.com/heart-of-america-group-proposes-east-village-site-for-new-headquarters/,Heart of America Group proposes East Village site for new headquarters,2026-06-08,2026-09-30
Black Birch Homes and Design,primary,https://www.businessrecord.com/notable-transactions-july-22-2026/,"NOTABLE TRANSACTIONS: July 22, 2026",2026-07-14,2026-09-30
Black Birch Homes and Design,secondary,https://blackbirchhomes.com/about,,2026-07-14,2026-09-30
Prairieland Homes,primary,https://www.businessrecord.com/notable-transactions-areas-top-commercial-residential-property-sales-for-april-22-2026/,"NOTABLE TRANSACTIONS: Area's top commercial, residential property sales for April 22, 2026",2026-04-14,2026-09-30
Prairieland Homes,secondary,https://prairielandhomes.com/about/,,2026-04-14,2026-09-30
