company,decision,reason,source
Country Landscapes Inc.,ACCEPT,Re-audit: the stored excerpt uses current ownership wording with a full name.,https://www.countrylandscapes.com/about
Lounsbury Landscaping Sand & Gravel,ACCEPT,Re-audit: the stored excerpt uses current ownership wording with a full name.,https://www.lounsburylandscaping.com/about
Dynasty Homes,ACCEPT,Re-audit: the stored excerpt uses current ownership wording with a full name.,https://www.dynastyhomes.com/about
Des Moines Landscapes,ACCEPT,Re-audit: the stored excerpt uses current ownership wording with a full name.,https://desmoineslandscapes.com/contact/
BB Roofing,ACCEPT,Re-audit: the stored excerpt uses current ownership wording with a full name.,https://www.bbroofing.com/meet-the-team/
BAM! Basements and Masons,ACCEPT,Re-audit: the stored excerpt uses current ownership wording with a full name.,https://bambasements.com/meet-the-team/
Ball Electric Inc.,ACCEPT,Re-audit: the stored excerpt uses current ownership wording with a full name.,https://www.yellowpages.com/des-moines-ia/mip/ball-electric-inc-6546985
Iowa Home Consulting,ACCEPT,Re-audit: the stored excerpt uses current ownership wording with a full name.,https://www.iowahomeconsulting.com/about/team
James Construction LLC,ACCEPT,Re-audit: the stored excerpt uses current ownership wording with a full name.,https://www.jamesconstructionia.com/contact
"B.T. Construction, LLC",ACCEPT,Re-audit: the stored excerpt uses current ownership wording with a full name.,https://btconstructiongroup.com/contact-us
Elder Corporation,REVIEW,"2000 timeline says he took over as majority owner. That is a past ownership change, not a current statement that he still owns it.",re-audit
"Con-Struct, Inc.",ACCEPT,Re-audit: the stored excerpt uses current ownership wording with a full name.,https://constructiowa.com/about/
"After Shock Heating & Cooling, LLC",ACCEPT,Re-audit: the stored excerpt uses current ownership wording with a full name.,https://web.archive.org/web/20260418202336/https://aftershockia.com/about/
Flagger Pros USA,ACCEPT,Re-audit: the stored excerpt uses current ownership wording with a full name.,https://flaggerprosusa.com/
Action Electric,ACCEPT,Re-audit: the stored excerpt uses current ownership wording with a full name.,https://actionelectricdm.com/about/
Baxter Heating & Air,ACCEPT,Re-audit: the stored excerpt uses current ownership wording with a full name.,https://www.baxterheatingandair.com/about-us
D&B Painting LLC,ACCEPT,Re-audit: the stored excerpt uses current ownership wording with a full name.,https://www.dsmhba.com/members/db-painting-llc/
L. A. Fulton & Sons Inc.,ACCEPT,Re-audit: the stored excerpt uses current ownership wording with a full name.,https://businesses.uniquelyurbandale.com/list/member/l-a-fulton-sons-inc-5017
Miller Electric,ACCEPT,Re-audit: the stored excerpt uses current ownership wording with a full name.,https://mmillerelectric.com/
Greenland Homes Inc,ACCEPT,Re-audit: the stored excerpt uses current ownership wording with a full name.,https://www.dsmhba.com/members/greenland-homes-inc/
CertaPro Painters of Des Moines,ACCEPT,Re-audit: the stored excerpt uses current ownership wording with a full name.,http://web.archive.org/web/20260710134151/https://certapro.com/desmoines/
CoolVu of Des Moines,ACCEPT,Re-audit: the stored excerpt uses current ownership wording with a full name.,https://www.coolvu.com/des-moines-window-film/
Fisher Construction LLC,REVIEW,The page says Founder Drake Fisher started the company. A founder title and a start date are not current ownership.,re-audit
Housby,REVIEW,"Kelly Housby is named Owner and Partner. The business is a truck dealer and service shop, not a field-trade crew, so it stays out of the blue-collar final file.",re-audit
"Jasper Construction Services, Inc.",REVIEW,Owner was not verified. Company identity stays in the research snapshot.,priority_100_before_owner_gate
"Alpha Landscapes, LLC",REVIEW,Owner was not verified. Company identity stays in the research snapshot.,priority_100_before_owner_gate
I-80 Concrete,REVIEW,Owner was not verified. Company identity stays in the research snapshot.,priority_100_before_owner_gate
"Concrete Technologies, Inc.",REVIEW,Owner was not verified. Company identity stays in the research snapshot.,priority_100_before_owner_gate
"Huber Grading & Land Development, Inc.",REVIEW,Owner was not verified. Company identity stays in the research snapshot.,priority_100_before_owner_gate
"H and H Plumbing, Inc.",REVIEW,Owner was not verified. Company identity stays in the research snapshot.,priority_100_before_owner_gate
Painting by Jen,REVIEW,Owner was not verified. Company identity stays in the research snapshot.,priority_100_before_owner_gate
Thrasher Service Corporation,REVIEW,Owner was not verified. Company identity stays in the research snapshot.,priority_100_before_owner_gate
Baker Electric Inc,REVIEW,Owner was not verified. Company identity stays in the research snapshot.,priority_100_before_owner_gate
DeCarlo Demolition Company,REVIEW,Owner was not verified. Company identity stays in the research snapshot.,priority_100_before_owner_gate
"Corell Contractor, Inc.",REVIEW,Owner was not verified. Company identity stays in the research snapshot.,priority_100_before_owner_gate
Liberty Ready Mix,REVIEW,Owner was not verified. Company identity stays in the research snapshot.,priority_100_before_owner_gate
Arc Electric,REVIEW,Owner was not verified. Company identity stays in the research snapshot.,priority_100_before_owner_gate
The Underground Company,ACCEPT,Re-audit: the stored excerpt uses current ownership wording with a full name.,https://undergroundcoltd.com/about
Wagoner Roofing and Construction,ACCEPT,Re-audit: the stored excerpt uses current ownership wording with a full name.,https://businesses.uniquelyurbandale.com/list/member/wagoner-roofing-6814
Schwinger Lawn Service,ACCEPT,Re-audit: the stored excerpt uses current ownership wording with a full name.,https://schwingerlawnservice.com/about/
"A.J. Allen Mechanical Contractors, Inc.",REVIEW,Owner was not verified. Company identity stays in the research snapshot.,priority_100_before_owner_gate
"On Track Construction, LLC",REVIEW,Owner was not verified. Company identity stays in the research snapshot.,priority_100_before_owner_gate
XStream Electric LLC,REVIEW,Owner was not verified. Company identity stays in the research snapshot.,priority_100_before_owner_gate
White Castle Roofing,REVIEW,Owner was not verified. Company identity stays in the research snapshot.,priority_100_before_owner_gate
"Premier Plumbing, Inc.",REVIEW,Owner was not verified. Company identity stays in the research snapshot.,priority_100_before_owner_gate
Schlievert Plumbing Inc.,REVIEW,Owner was not verified. Company identity stays in the research snapshot.,priority_100_before_owner_gate
Allstate Gutter & Siding,REVIEW,Owner was not verified. Company identity stays in the research snapshot.,priority_100_before_owner_gate
Jorgensen Contracting Co.,REVIEW,Owner was not verified. Company identity stays in the research snapshot.,priority_100_before_owner_gate
City Wide Heating & Air Conditioning Inc,REVIEW,Owner was not verified. Company identity stays in the research snapshot.,priority_100_before_owner_gate
Black Shield Roofing and Construction,REVIEW,Owner was not verified. Company identity stays in the research snapshot.,priority_100_before_owner_gate
"Dayton Heating & Air Conditioning, LLC",ACCEPT,"Cache check: current owner wording sits with the full name, and the street is on the cited page.",https://businesses.uniquelyurbandale.com/list/member/dayton-heating-air-conditioning-llc-1449
Lenz Heating and Cooling,ACCEPT,"Cache check: current owner wording sits with the full name, and the street is on the cited page.",https://businesses.uniquelyurbandale.com/list/member/lenz-heating-and-cooling-4598
Varsity Zone HVAC of Urbandale,ACCEPT,"Cache check: current owner wording sits with the full name, and the street is on the cited page.",https://www.varsityzone.com/urbandale-ia/
Triple A Home Services LLC,ACCEPT,"Cache check: current owner wording sits with the full name, and the street is on the cited page.",https://www.bbb.org/us/ia/norwalk/profile/residential-air-conditioning-contractors/triple-a-home-services-llc-0664-32075162
Rogers Septic Maintenance & Repair,ACCEPT,"Cache check: current owner wording sits with the full name, and the street is on the cited page.",https://www.rogersseptic.com/
"Platinum Plumbing Heating and Cooling, LLC",ACCEPT,"Cache check: current owner wording sits with the full name, and the street is on the cited page.",https://www.bbb.org/us/ia/waukee/profile/plumbing-and-heating/platinum-plumbing-heating-and-cooling-llc-0664-32158345
Armor Electric,ACCEPT,"Cache check: current owner wording sits with the full name, and the street is on the cited page.",https://www.bbb.org/us/ia/ankeny/profile/electrical-contractors/armor-electric-0664-32100028
Jenson Electric LLC,ACCEPT,"Cache check: current owner wording sits with the full name, and the street is on the cited page.",https://www.bbb.org/us/ia/johnston/profile/electrician/jenson-electric-llc-0664-32068166
Burkhead Electric,ACCEPT,"Cache check: current owner wording sits with the full name, and the street is on the cited page.",https://www.burkheadelectric.com/
Right Roofing & Siding,ACCEPT,"Cache check: current owner wording sits with the full name, and the street is on the cited page.",https://rightroofing.com/about/
Haggerty Windows and Siding,ACCEPT,"Cache check: current owner wording sits with the full name, and the street is on the cited page.",https://businesses.uniquelyurbandale.com/list/member/haggerty-windows-and-siding-3489
Superior Contractors LLC,ACCEPT,"Cache check: current owner wording sits with the full name, and the street is on the cited page.",https://www.bbb.org/us/ia/waukee/profile/general-contractor/superior-contractors-llc-0664-32036452
Superstorm Roofing & Siding,ACCEPT,"Cache check: current owner wording sits with the full name, and the street is on the cited page.",https://superstormrestoration.com/locations/waukee/
"American Home Renovations, L.L.C.",ACCEPT,"Cache check: current owner wording sits with the full name, and the street is on the cited page.",https://www.bbb.org/us/ia/bondurant/profile/general-contractor/american-home-renovations-llc-0664-32158882
Robben Roofing,ACCEPT,"Cache check: current owner wording sits with the full name, and the street is on the cited page.",https://www.bbb.org/us/ia/bondurant/profile/roofing-contractors/robben-roofing-0664-32158020/addressId/56949
The Tree Service LLC,ACCEPT,"Cache check: current owner wording sits with the full name, and the street is on the cited page.",https://thetreeserviceia.com/about
Ken's Tree Service,ACCEPT,"Cache check: current owner wording sits with the full name, and the street is on the cited page.",https://www.bbb.org/us/ia/urbandale/profile/tree-service/kens-tree-service-0664-32040579
Kingdom Tree Service,ACCEPT,"Cache check: current owner wording sits with the full name, and the street is on the cited page.",https://www.bbb.org/us/ia/urbandale/profile/tree-service/kingdom-tree-service-0664-32159450
Dirty 30 Excavating & Trucking LLC,ACCEPT,"Cache check: current owner wording sits with the full name, and the street is on the cited page.",https://members.agcia.org/active-member-directory/Details/dirty-30-excavating-trucking-llc-2483454
Holzworth Concrete Construction LLC,ACCEPT,"Cache check: current owner wording sits with the full name, and the street is on the cited page.",https://www.bbb.org/us/ia/west-des-moines/profile/concrete-contractors/holzworth-concrete-construction-llc-0664-32051613
"Grimm Concrete Services, Inc.",ACCEPT,"Cache check: current owner wording sits with the full name, and the street is on the cited page.",https://www.bbb.org/us/ia/johnston/profile/concrete/grimm-concrete-services-inc-0664-32136617
Top Gun Contractors Of Grimes,ACCEPT,"Cache check: current owner wording sits with the full name, and the street is on the cited page.",https://www.bbb.org/us/ia/grimes/profile/remodel-contractors/top-gun-contractors-of-grimes-0664-32138094
True Construction Services,ACCEPT,"Cache check: current owner wording sits with the full name, and the street is on the cited page.",https://trueconstructiondsm.com/
A New Look Exteriors,ACCEPT,"Cache check: current owner wording sits with the full name, and the street is on the cited page.",https://businesses.uniquelyurbandale.com/members/member/a-new-look-exteriors-10003
FE Remodeling LLC,ACCEPT,"Cache check: current owner wording sits with the full name, and the street is on the cited page.",https://www.bbb.org/us/ia/clive/profile/remodeling/fe-remodeling-llc-0664-32055777
Bryan Companies,ACCEPT,"Cache check: current owner wording sits with the full name, and the street is on the cited page.",https://businesses.uniquelyurbandale.com/members/member/bryan-companies-11395
Patterson Homes & Remodeling,ACCEPT,"Cache check: current owner wording sits with the full name, and the street is on the cited page.",https://www.pattersonhomesdsm.com/about-us.php
"The Restoration Company, LLC",ACCEPT,"Cache check: current owner wording sits with the full name, and the street is on the cited page.",https://www.bbb.org/us/ia/west-des-moines/profile/water-mitigation/the-restoration-company-llc-0664-32133196
MacPro Restore,ACCEPT,"Cache check: current owner wording sits with the full name, and the street is on the cited page.",https://www.macprorestore.com/
MPT Plumbing LLC,ACCEPT,"Cache check: current owner wording sits with the full name, and the street is on the cited page.",https://www.bbb.org/us/ia/urbandale/profile/plumber/mpt-plumbing-llc-0664-32100174
Nico Construction LLC,ACCEPT,"Cache check: current owner wording sits with the full name, and the street is on the cited page.",https://www.nicoconstructioniowa.com/about/
Construction by Cambron,ACCEPT,"Cache check: current owner wording sits with the full name, and the street is on the cited page.",https://www.constructionbycambron.com/contact.html
Integra Electrical,REVIEW,Ben and Jaime Carpenter are titled Co-founder on the current team. Co-founder alone is not current ownership under this gate.,owner gate
Xtreme Roofing & Siding,REVIEW,Darrin Nauman and Jo Nauman are titled Co-Founder. The page does not say they currently own the company.,owner gate
"McMahan Industrial Services, LLC",REVIEW,Ashley Kiger is captioned founder and project manager. Founder alone is not current ownership.,owner gate
Euro Designs LLC,REVIEW,Jose Vicente Guzman Rivera is titled Founder. Founder alone is not current ownership.,owner gate
Johnston Development Company,REVIEW,"Tom Johnston and Nancy Hopper are titled Owner on the company site, but that page prints a PO Box. The street was only on a third-party directory, so the local address is not accepted yet.",owner gate
"Dry Duck Basement Waterproofing, LLC",REVIEW,BBB titles John A Senn as Owner. The street was not on the BBB profile that was checked.,owner gate
Elder Corporation,REVIEW,"2000 timeline says he took over as majority owner. That is a past ownership change, not a current statement that he still owns it.",owner gate
Fisher Construction LLC,REVIEW,The page says Founder Drake Fisher started the company. A founder title and a start date are not current ownership.,owner gate
Housby,REVIEW,"Kelly Housby is named Owner and Partner. The business is a truck dealer and service shop, not a field-trade crew, so it stays out of the blue-collar final file.",owner gate
